
============================================================
INICIANDO LOTERIA: LOOK
============================================================

[LOOK] 1/1503 ÔÇö importando 2022-06-07
[ERRO] LOOK 2022-06-07
Error: Par├ómetro "lotteryKey" inv├ílida: LOOK
    at runImport (C:\Users\glaub\palpitaco\backend\scripts\importKingApostas.js:1331:11)
    at main (C:\Users\glaub\palpitaco\tmp\look_nacional_historico\importLookNacionalHistory.js:292:17)
    at Object.<anonymous> (C:\Users\glaub\palpitaco\tmp\look_nacional_historico\importLookNacionalHistory.js:603:1)
    at Module._compile (node:internal/modules/cjs/loader:1730:14)
    at Object..js (node:internal/modules/cjs/loader:1895:10)
    at Module.load (node:internal/modules/cjs/loader:1465:32)
    at Function._load (node:internal/modules/cjs/loader:1282:12)
    at TracingChannel.traceSync (node:diagnostics_channel:322:14)
    at wrapModuleLoad (node:internal/modules/cjs/loader:235:24)
    at Function.executeUserEntryPoint [as runMain] (node:internal/modules/run_main:171:5)

[LOOK] 2/1503 ÔÇö importando 2022-06-08
[ERRO] LOOK 2022-06-08
Error: Par├ómetro "lotteryKey" inv├ílida: LOOK
    at runImport (C:\Users\glaub\palpitaco\backend\scripts\importKingApostas.js:1331:11)
    at main (C:\Users\glaub\palpitaco\tmp\look_nacional_historico\importLookNacionalHistory.js:292:17)

[LOOK] 3/1503 ÔÇö importando 2022-06-09
[ERRO] LOOK 2022-06-09
Error: Par├ómetro "lotteryKey" inv├ílida: LOOK
    at runImport (C:\Users\glaub\palpitaco\backend\scripts\importKingApostas.js:1331:11)
    at main (C:\Users\glaub\palpitaco\tmp\look_nacional_historico\importLookNacionalHistory.js:292:17)
[ERRO] LOOK 2022-06-10

Error: Par├ómetro "lotteryKey" inv├ílida: LOOK
    at runImport (C:\Users\glaub\palpitaco\backend\scripts\importKingApostas.js:1331:11)
    at main (C:\Users\glaub\palpitaco\tmp\look_nacional_historico\importLookNacionalHistory.js:292:17)
[LOOK] 4/1503 ÔÇö importando 2022-06-10

[LOOK] 5/1503 ÔÇö importando 2022-06-11
[ERRO] LOOK 2022-06-11
Error: Par├ómetro "lotteryKey" inv├ílida: LOOK
    at runImport (C:\Users\glaub\palpitaco\backend\scripts\importKingApostas.js:1331:11)
    at main (C:\Users\glaub\palpitaco\tmp\look_nacional_historico\importLookNacionalHistory.js:292:17)

[LOOK] 6/1503 ÔÇö importando 2022-06-12
[ERRO] LOOK 2022-06-12
Error: Par├ómetro "lotteryKey" inv├ílida: LOOK
    at runImport (C:\Users\glaub\palpitaco\backend\scripts\importKingApostas.js:1331:11)
    at main (C:\Users\glaub\palpitaco\tmp\look_nacional_historico\importLookNacionalHistory.js:292:17)

[LOOK] 7/1503 ÔÇö importando 2022-06-13
[ERRO] LOOK 2022-06-13
Error: Par├ómetro "lotteryKey" inv├ílida: LOOK
    at runImport (C:\Users\glaub\palpitaco\backend\scripts\importKingApostas.js:1331:11)
    at main (C:\Users\glaub\palpitaco\tmp\look_nacional_historico\importLookNacionalHistory.js:292:17)

[LOOK] 8/1503 ÔÇö importando 2022-06-14
[ERRO] LOOK 2022-06-14
Error: Par├ómetro "lotteryKey" inv├ílida: LOOK
    at runImport (C:\Users\glaub\palpitaco\backend\scripts\importKingApostas.js:1331:11)
    at main (C:\Users\glaub\palpitaco\tmp\look_nacional_historico\importLookNacionalHistory.js:292:17)

[LOOK] 9/1503 ÔÇö importando 2022-06-15
[ERRO] LOOK 2022-06-15
Error: Par├ómetro "lotteryKey" inv├ílida: LOOK
    at runImport (C:\Users\glaub\palpitaco\backend\scripts\importKingApostas.js:1331:11)
    at main (C:\Users\glaub\palpitaco\tmp\look_nacional_historico\importLookNacionalHistory.js:292:17)

[LOOK] 10/1503 ÔÇö importando 2022-06-16
[ERRO] LOOK 2022-06-16
Error: Par├ómetro "lotteryKey" inv├ílida: LOOK
    at runImport (C:\Users\glaub\palpitaco\backend\scripts\importKingApostas.js:1331:11)
    at main (C:\Users\glaub\palpitaco\tmp\look_nacional_historico\importLookNacionalHistory.js:292:17)

[LOOK] 11/1503 ÔÇö importando 2022-06-17
[ERRO] LOOK 2022-06-17
Error: Par├ómetro "lotteryKey" inv├ílida: LOOK
    at runImport (C:\Users\glaub\palpitaco\backend\scripts\importKingApostas.js:1331:11)
    at main (C:\Users\glaub\palpitaco\tmp\look_nacional_historico\importLookNacionalHistory.js:292:17)

[LOOK] 12/1503 ÔÇö importando 2022-06-18
[ERRO] LOOK 2022-06-18
Error: Par├ómetro "lotteryKey" inv├ílida: LOOK
    at runImport (C:\Users\glaub\palpitaco\backend\scripts\importKingApostas.js:1331:11)
    at main (C:\Users\glaub\palpitaco\tmp\look_nacional_historico\importLookNacionalHistory.js:292:17)

[LOOK] 13/1503 ÔÇö importando 2022-06-19
[ERRO] LOOK 2022-06-19
Error: Par├ómetro "lotteryKey" inv├ílida: LOOK
    at runImport (C:\Users\glaub\palpitaco\backend\scripts\importKingApostas.js:1331:11)
    at main (C:\Users\glaub\palpitaco\tmp\look_nacional_historico\importLookNacionalHistory.js:292:17)

[LOOK] 14/1503 ÔÇö importando 2022-06-20
[ERRO] LOOK 2022-06-20
Error: Par├ómetro "lotteryKey" inv├ílida: LOOK
    at runImport (C:\Users\glaub\palpitaco\backend\scripts\importKingApostas.js:1331:11)
    at main (C:\Users\glaub\palpitaco\tmp\look_nacional_historico\importLookNacionalHistory.js:292:17)

[LOOK] 15/1503 ÔÇö importando 2022-06-21
[ERRO] LOOK 2022-06-21
Error: Par├ómetro "lotteryKey" inv├ílida: LOOK
    at runImport (C:\Users\glaub\palpitaco\backend\scripts\importKingApostas.js:1331:11)
    at main (C:\Users\glaub\palpitaco\tmp\look_nacional_historico\importLookNacionalHistory.js:292:17)

[LOOK] 16/1503 ÔÇö importando 2022-06-22
[ERRO] LOOK 2022-06-22
Error: Par├ómetro "lotteryKey" inv├ílida: LOOK
    at runImport (C:\Users\glaub\palpitaco\backend\scripts\importKingApostas.js:1331:11)
    at main (C:\Users\glaub\palpitaco\tmp\look_nacional_historico\importLookNacionalHistory.js:292:17)

[LOOK] 17/1503 ÔÇö importando 2022-06-23
[ERRO] LOOK 2022-06-23
Error: Par├ómetro "lotteryKey" inv├ílida: LOOK
    at runImport (C:\Users\glaub\palpitaco\backend\scripts\importKingApostas.js:1331:11)
    at main (C:\Users\glaub\palpitaco\tmp\look_nacional_historico\importLookNacionalHistory.js:292:17)

[LOOK] 18/1503 ÔÇö importando 2022-06-24
[ERRO] LOOK 2022-06-24
Error: Par├ómetro "lotteryKey" inv├ílida: LOOK
    at runImport (C:\Users\glaub\palpitaco\backend\scripts\importKingApostas.js:1331:11)
    at main (C:\Users\glaub\palpitaco\tmp\look_nacional_historico\importLookNacionalHistory.js:292:17)

[LOOK] 19/1503 ÔÇö importando 2022-06-25
[ERRO] LOOK 2022-06-25
Error: Par├ómetro "lotteryKey" inv├ílida: LOOK
    at runImport (C:\Users\glaub\palpitaco\backend\scripts\importKingApostas.js:1331:11)
    at main (C:\Users\glaub\palpitaco\tmp\look_nacional_historico\importLookNacionalHistory.js:292:17)

[LOOK] 20/1503 ÔÇö importando 2022-06-26
[ERRO] LOOK 2022-06-26
Error: Par├ómetro "lotteryKey" inv├ílida: LOOK
    at runImport (C:\Users\glaub\palpitaco\backend\scripts\importKingApostas.js:1331:11)
    at main (C:\Users\glaub\palpitaco\tmp\look_nacional_historico\importLookNacionalHistory.js:292:17)

[LOOK] 21/1503 ÔÇö importando 2022-06-27
[ERRO] LOOK 2022-06-27
Error: Par├ómetro "lotteryKey" inv├ílida: LOOK
    at runImport (C:\Users\glaub\palpitaco\backend\scripts\importKingApostas.js:1331:11)
    at main (C:\Users\glaub\palpitaco\tmp\look_nacional_historico\importLookNacionalHistory.js:292:17)

[LOOK] 22/1503 ÔÇö importando 2022-06-28
[ERRO] LOOK 2022-06-28
Error: Par├ómetro "lotteryKey" inv├ílida: LOOK
    at runImport (C:\Users\glaub\palpitaco\backend\scripts\importKingApostas.js:1331:11)
    at main (C:\Users\glaub\palpitaco\tmp\look_nacional_historico\importLookNacionalHistory.js:292:17)

[LOOK] 23/1503 ÔÇö importando 2022-06-29
[ERRO] LOOK 2022-06-29
Error: Par├ómetro "lotteryKey" inv├ílida: LOOK
    at runImport (C:\Users\glaub\palpitaco\backend\scripts\importKingApostas.js:1331:11)
    at main (C:\Users\glaub\palpitaco\tmp\look_nacional_historico\importLookNacionalHistory.js:292:17)

[LOOK] 24/1503 ÔÇö importando 2022-06-30
[ERRO] LOOK 2022-06-30
Error: Par├ómetro "lotteryKey" inv├ílida: LOOK
    at runImport (C:\Users\glaub\palpitaco\backend\scripts\importKingApostas.js:1331:11)
    at main (C:\Users\glaub\palpitaco\tmp\look_nacional_historico\importLookNacionalHistory.js:292:17)

[LOOK] 25/1503 ÔÇö importando 2022-07-01
[ERRO] LOOK 2022-07-01
Error: Par├ómetro "lotteryKey" inv├ílida: LOOK
    at runImport (C:\Users\glaub\palpitaco\backend\scripts\importKingApostas.js:1331:11)
    at main (C:\Users\glaub\palpitaco\tmp\look_nacional_historico\importLookNacionalHistory.js:292:17)

[LOOK] 26/1503 ÔÇö importando 2022-07-02
[ERRO] LOOK 2022-07-02
Error: Par├ómetro "lotteryKey" inv├ílida: LOOK
    at runImport (C:\Users\glaub\palpitaco\backend\scripts\importKingApostas.js:1331:11)
    at main (C:\Users\glaub\palpitaco\tmp\look_nacional_historico\importLookNacionalHistory.js:292:17)

[LOOK] 27/1503 ÔÇö importando 2022-07-03
[ERRO] LOOK 2022-07-03
Error: Par├ómetro "lotteryKey" inv├ílida: LOOK
    at runImport (C:\Users\glaub\palpitaco\backend\scripts\importKingApostas.js:1331:11)
    at main (C:\Users\glaub\palpitaco\tmp\look_nacional_historico\importLookNacionalHistory.js:292:17)

[LOOK] 28/1503 ÔÇö importando 2022-07-04
[ERRO] LOOK 2022-07-04
Error: Par├ómetro "lotteryKey" inv├ílida: LOOK
    at runImport (C:\Users\glaub\palpitaco\backend\scripts\importKingApostas.js:1331:11)
    at main (C:\Users\glaub\palpitaco\tmp\look_nacional_historico\importLookNacionalHistory.js:292:17)

[LOOK] 29/1503 ÔÇö importando 2022-07-05
[ERRO] LOOK 2022-07-05
Error: Par├ómetro "lotteryKey" inv├ílida: LOOK
    at runImport (C:\Users\glaub\palpitaco\backend\scripts\importKingApostas.js:1331:11)
    at main (C:\Users\glaub\palpitaco\tmp\look_nacional_historico\importLookNacionalHistory.js:292:17)

[LOOK] 30/1503 ÔÇö importando 2022-07-06
[ERRO] LOOK 2022-07-06
Error: Par├ómetro "lotteryKey" inv├ílida: LOOK
    at runImport (C:\Users\glaub\palpitaco\backend\scripts\importKingApostas.js:1331:11)
    at main (C:\Users\glaub\palpitaco\tmp\look_nacional_historico\importLookNacionalHistory.js:292:17)

[LOOK] 31/1503 ÔÇö importando 2022-07-07
[ERRO] LOOK 2022-07-07
Error: Par├ómetro "lotteryKey" inv├ílida: LOOK
    at runImport (C:\Users\glaub\palpitaco\backend\scripts\importKingApostas.js:1331:11)
    at main (C:\Users\glaub\palpitaco\tmp\look_nacional_historico\importLookNacionalHistory.js:292:17)

[LOOK] 32/1503 ÔÇö importando 2022-07-08
[ERRO] LOOK 2022-07-08
Error: Par├ómetro "lotteryKey" inv├ílida: LOOK
    at runImport (C:\Users\glaub\palpitaco\backend\scripts\importKingApostas.js:1331:11)
    at main (C:\Users\glaub\palpitaco\tmp\look_nacional_historico\importLookNacionalHistory.js:292:17)

[LOOK] 33/1503 ÔÇö importando 2022-07-09
[ERRO] LOOK 2022-07-09
Error: Par├ómetro "lotteryKey" inv├ílida: LOOK
    at runImport (C:\Users\glaub\palpitaco\backend\scripts\importKingApostas.js:1331:11)
    at main (C:\Users\glaub\palpitaco\tmp\look_nacional_historico\importLookNacionalHistory.js:292:17)

[LOOK] 34/1503 ÔÇö importando 2022-07-10
[ERRO] LOOK 2022-07-10
Error: Par├ómetro "lotteryKey" inv├ílida: LOOK
    at runImport (C:\Users\glaub\palpitaco\backend\scripts\importKingApostas.js:1331:11)
    at main (C:\Users\glaub\palpitaco\tmp\look_nacional_historico\importLookNacionalHistory.js:292:17)

[LOOK] 35/1503 ÔÇö importando 2022-07-11
[ERRO] LOOK 2022-07-11
Error: Par├ómetro "lotteryKey" inv├ílida: LOOK
    at runImport (C:\Users\glaub\palpitaco\backend\scripts\importKingApostas.js:1331:11)
    at main (C:\Users\glaub\palpitaco\tmp\look_nacional_historico\importLookNacionalHistory.js:292:17)

[LOOK] 36/1503 ÔÇö importando 2022-07-12
[ERRO] LOOK 2022-07-12
Error: Par├ómetro "lotteryKey" inv├ílida: LOOK
    at runImport (C:\Users\glaub\palpitaco\backend\scripts\importKingApostas.js:1331:11)
    at main (C:\Users\glaub\palpitaco\tmp\look_nacional_historico\importLookNacionalHistory.js:292:17)

[LOOK] 37/1503 ÔÇö importando 2022-07-13
[ERRO] LOOK 2022-07-13
Error: Par├ómetro "lotteryKey" inv├ílida: LOOK
    at runImport (C:\Users\glaub\palpitaco\backend\scripts\importKingApostas.js:1331:11)
    at main (C:\Users\glaub\palpitaco\tmp\look_nacional_historico\importLookNacionalHistory.js:292:17)

[LOOK] 38/1503 ÔÇö importando 2022-07-14
[ERRO] LOOK 2022-07-14
Error: Par├ómetro "lotteryKey" inv├ílida: LOOK
    at runImport (C:\Users\glaub\palpitaco\backend\scripts\importKingApostas.js:1331:11)
    at main (C:\Users\glaub\palpitaco\tmp\look_nacional_historico\importLookNacionalHistory.js:292:17)

[LOOK] 39/1503 ÔÇö importando 2022-07-15
[ERRO] LOOK 2022-07-15
Error: Par├ómetro "lotteryKey" inv├ílida: LOOK
    at runImport (C:\Users\glaub\palpitaco\backend\scripts\importKingApostas.js:1331:11)
    at main (C:\Users\glaub\palpitaco\tmp\look_nacional_historico\importLookNacionalHistory.js:292:17)

[LOOK] 40/1503 ÔÇö importando 2022-07-16
[ERRO] LOOK 2022-07-16
Error: Par├ómetro "lotteryKey" inv├ílida: LOOK
    at runImport (C:\Users\glaub\palpitaco\backend\scripts\importKingApostas.js:1331:11)
    at main (C:\Users\glaub\palpitaco\tmp\look_nacional_historico\importLookNacionalHistory.js:292:17)

[LOOK] 41/1503 ÔÇö importando 2022-07-17
[ERRO] LOOK 2022-07-17
Error: Par├ómetro "lotteryKey" inv├ílida: LOOK
    at runImport (C:\Users\glaub\palpitaco\backend\scripts\importKingApostas.js:1331:11)
    at main (C:\Users\glaub\palpitaco\tmp\look_nacional_historico\importLookNacionalHistory.js:292:17)

[LOOK] 42/1503 ÔÇö importando 2022-07-18
[ERRO] LOOK 2022-07-18
Error: Par├ómetro "lotteryKey" inv├ílida: LOOK
    at runImport (C:\Users\glaub\palpitaco\backend\scripts\importKingApostas.js:1331:11)
    at main (C:\Users\glaub\palpitaco\tmp\look_nacional_historico\importLookNacionalHistory.js:292:17)

[LOOK] 43/1503 ÔÇö importando 2022-07-19
[ERRO] LOOK 2022-07-19
Error: Par├ómetro "lotteryKey" inv├ílida: LOOK
    at runImport (C:\Users\glaub\palpitaco\backend\scripts\importKingApostas.js:1331:11)
    at main (C:\Users\glaub\palpitaco\tmp\look_nacional_historico\importLookNacionalHistory.js:292:17)

[LOOK] 44/1503 ÔÇö importando 2022-07-20
[ERRO] LOOK 2022-07-20
Error: Par├ómetro "lotteryKey" inv├ílida: LOOK
    at runImport (C:\Users\glaub\palpitaco\backend\scripts\importKingApostas.js:1331:11)
    at main (C:\Users\glaub\palpitaco\tmp\look_nacional_historico\importLookNacionalHistory.js:292:17)

[LOOK] 45/1503 ÔÇö importando 2022-07-21
[ERRO] LOOK 2022-07-21
Error: Par├ómetro "lotteryKey" inv├ílida: LOOK
    at runImport (C:\Users\glaub\palpitaco\backend\scripts\importKingApostas.js:1331:11)
    at main (C:\Users\glaub\palpitaco\tmp\look_nacional_historico\importLookNacionalHistory.js:292:17)

[LOOK] 46/1503 ÔÇö importando 2022-07-22
[ERRO] LOOK 2022-07-22
Error: Par├ómetro "lotteryKey" inv├ílida: LOOK
    at runImport (C:\Users\glaub\palpitaco\backend\scripts\importKingApostas.js:1331:11)
    at main (C:\Users\glaub\palpitaco\tmp\look_nacional_historico\importLookNacionalHistory.js:292:17)

[LOOK] 47/1503 ÔÇö importando 2022-07-23
[ERRO] LOOK 2022-07-23
Error: Par├ómetro "lotteryKey" inv├ílida: LOOK
    at runImport (C:\Users\glaub\palpitaco\backend\scripts\importKingApostas.js:1331:11)
    at main (C:\Users\glaub\palpitaco\tmp\look_nacional_historico\importLookNacionalHistory.js:292:17)

[LOOK] 48/1503 ÔÇö importando 2022-07-24
[ERRO] LOOK 2022-07-24
Error: Par├ómetro "lotteryKey" inv├ílida: LOOK
    at runImport (C:\Users\glaub\palpitaco\backend\scripts\importKingApostas.js:1331:11)
    at main (C:\Users\glaub\palpitaco\tmp\look_nacional_historico\importLookNacionalHistory.js:292:17)

[LOOK] 49/1503 ÔÇö importando 2022-07-25
[ERRO] LOOK 2022-07-25
Error: Par├ómetro "lotteryKey" inv├ílida: LOOK
    at runImport (C:\Users\glaub\palpitaco\backend\scripts\importKingApostas.js:1331:11)
    at main (C:\Users\glaub\palpitaco\tmp\look_nacional_historico\importLookNacionalHistory.js:292:17)

[LOOK] 50/1503 ÔÇö importando 2022-07-26
[ERRO] LOOK 2022-07-26
Error: Par├ómetro "lotteryKey" inv├ílida: LOOK
    at runImport (C:\Users\glaub\palpitaco\backend\scripts\importKingApostas.js:1331:11)
    at main (C:\Users\glaub\palpitaco\tmp\look_nacional_historico\importLookNacionalHistory.js:292:17)

[LOOK] 51/1503 ÔÇö importando 2022-07-27
[ERRO] LOOK 2022-07-27
Error: Par├ómetro "lotteryKey" inv├ílida: LOOK
    at runImport (C:\Users\glaub\palpitaco\backend\scripts\importKingApostas.js:1331:11)
    at main (C:\Users\glaub\palpitaco\tmp\look_nacional_historico\importLookNacionalHistory.js:292:17)

[LOOK] 52/1503 ÔÇö importando 2022-07-28
[ERRO] LOOK 2022-07-28
Error: Par├ómetro "lotteryKey" inv├ílida: LOOK
    at runImport (C:\Users\glaub\palpitaco\backend\scripts\importKingApostas.js:1331:11)
    at main (C:\Users\glaub\palpitaco\tmp\look_nacional_historico\importLookNacionalHistory.js:292:17)

[LOOK] 53/1503 ÔÇö importando 2022-07-29
[ERRO] LOOK 2022-07-29
Error: Par├ómetro "lotteryKey" inv├ílida: LOOK
    at runImport (C:\Users\glaub\palpitaco\backend\scripts\importKingApostas.js:1331:11)
    at main (C:\Users\glaub\palpitaco\tmp\look_nacional_historico\importLookNacionalHistory.js:292:17)

[LOOK] 54/1503 ÔÇö importando 2022-07-30
[ERRO] LOOK 2022-07-30
Error: Par├ómetro "lotteryKey" inv├ílida: LOOK
    at runImport (C:\Users\glaub\palpitaco\backend\scripts\importKingApostas.js:1331:11)
    at main (C:\Users\glaub\palpitaco\tmp\look_nacional_historico\importLookNacionalHistory.js:292:17)

[LOOK] 55/1503 ÔÇö importando 2022-07-31
[ERRO] LOOK 2022-07-31
Error: Par├ómetro "lotteryKey" inv├ílida: LOOK
    at runImport (C:\Users\glaub\palpitaco\backend\scripts\importKingApostas.js:1331:11)
    at main (C:\Users\glaub\palpitaco\tmp\look_nacional_historico\importLookNacionalHistory.js:292:17)

[LOOK] 56/1503 ÔÇö importando 2022-08-01
[ERRO] LOOK 2022-08-01
Error: Par├ómetro "lotteryKey" inv├ílida: LOOK
    at runImport (C:\Users\glaub\palpitaco\backend\scripts\importKingApostas.js:1331:11)
    at main (C:\Users\glaub\palpitaco\tmp\look_nacional_historico\importLookNacionalHistory.js:292:17)

[LOOK] 57/1503 ÔÇö importando 2022-08-02
[ERRO] LOOK 2022-08-02
Error: Par├ómetro "lotteryKey" inv├ílida: LOOK
    at runImport (C:\Users\glaub\palpitaco\backend\scripts\importKingApostas.js:1331:11)
    at main (C:\Users\glaub\palpitaco\tmp\look_nacional_historico\importLookNacionalHistory.js:292:17)

[LOOK] 58/1503 ÔÇö importando 2022-08-03
[ERRO] LOOK 2022-08-03
Error: Par├ómetro "lotteryKey" inv├ílida: LOOK
    at runImport (C:\Users\glaub\palpitaco\backend\scripts\importKingApostas.js:1331:11)
    at main (C:\Users\glaub\palpitaco\tmp\look_nacional_historico\importLookNacionalHistory.js:292:17)

[LOOK] 59/1503 ÔÇö importando 2022-08-04
[ERRO] LOOK 2022-08-04
Error: Par├ómetro "lotteryKey" inv├ílida: LOOK
    at runImport (C:\Users\glaub\palpitaco\backend\scripts\importKingApostas.js:1331:11)
    at main (C:\Users\glaub\palpitaco\tmp\look_nacional_historico\importLookNacionalHistory.js:292:17)

[LOOK] 60/1503 ÔÇö importando 2022-08-05
[ERRO] LOOK 2022-08-05
Error: Par├ómetro "lotteryKey" inv├ílida: LOOK
    at runImport (C:\Users\glaub\palpitaco\backend\scripts\importKingApostas.js:1331:11)
    at main (C:\Users\glaub\palpitaco\tmp\look_nacional_historico\importLookNacionalHistory.js:292:17)

[LOOK] 61/1503 ÔÇö importando 2022-08-06
[ERRO] LOOK 2022-08-06
Error: Par├ómetro "lotteryKey" inv├ílida: LOOK
    at runImport (C:\Users\glaub\palpitaco\backend\scripts\importKingApostas.js:1331:11)
    at main (C:\Users\glaub\palpitaco\tmp\look_nacional_historico\importLookNacionalHistory.js:292:17)

[LOOK] 62/1503 ÔÇö importando 2022-08-07
[ERRO] LOOK 2022-08-07
Error: Par├ómetro "lotteryKey" inv├ílida: LOOK
    at runImport (C:\Users\glaub\palpitaco\backend\scripts\importKingApostas.js:1331:11)
    at main (C:\Users\glaub\palpitaco\tmp\look_nacional_historico\importLookNacionalHistory.js:292:17)

[LOOK] 63/1503 ÔÇö importando 2022-08-08
[ERRO] LOOK 2022-08-08
Error: Par├ómetro "lotteryKey" inv├ílida: LOOK
    at runImport (C:\Users\glaub\palpitaco\backend\scripts\importKingApostas.js:1331:11)
    at main (C:\Users\glaub\palpitaco\tmp\look_nacional_historico\importLookNacionalHistory.js:292:17)

[LOOK] 64/1503 ÔÇö importando 2022-08-09
[ERRO] LOOK 2022-08-09
Error: Par├ómetro "lotteryKey" inv├ílida: LOOK
    at runImport (C:\Users\glaub\palpitaco\backend\scripts\importKingApostas.js:1331:11)
    at main (C:\Users\glaub\palpitaco\tmp\look_nacional_historico\importLookNacionalHistory.js:292:17)

[LOOK] 65/1503 ÔÇö importando 2022-08-10
[ERRO] LOOK 2022-08-10
Error: Par├ómetro "lotteryKey" inv├ílida: LOOK
    at runImport (C:\Users\glaub\palpitaco\backend\scripts\importKingApostas.js:1331:11)
    at main (C:\Users\glaub\palpitaco\tmp\look_nacional_historico\importLookNacionalHistory.js:292:17)

[LOOK] 66/1503 ÔÇö importando 2022-08-11
[ERRO] LOOK 2022-08-11
Error: Par├ómetro "lotteryKey" inv├ílida: LOOK
    at runImport (C:\Users\glaub\palpitaco\backend\scripts\importKingApostas.js:1331:11)
    at main (C:\Users\glaub\palpitaco\tmp\look_nacional_historico\importLookNacionalHistory.js:292:17)

[LOOK] 67/1503 ÔÇö importando 2022-08-12
[ERRO] LOOK 2022-08-12
Error: Par├ómetro "lotteryKey" inv├ílida: LOOK
    at runImport (C:\Users\glaub\palpitaco\backend\scripts\importKingApostas.js:1331:11)
    at main (C:\Users\glaub\palpitaco\tmp\look_nacional_historico\importLookNacionalHistory.js:292:17)

[LOOK] 68/1503 ÔÇö importando 2022-08-13
[ERRO] LOOK 2022-08-13
Error: Par├ómetro "lotteryKey" inv├ílida: LOOK
    at runImport (C:\Users\glaub\palpitaco\backend\scripts\importKingApostas.js:1331:11)
    at main (C:\Users\glaub\palpitaco\tmp\look_nacional_historico\importLookNacionalHistory.js:292:17)

[LOOK] 69/1503 ÔÇö importando 2022-08-14
[ERRO] LOOK 2022-08-14
Error: Par├ómetro "lotteryKey" inv├ílida: LOOK
    at runImport (C:\Users\glaub\palpitaco\backend\scripts\importKingApostas.js:1331:11)
    at main (C:\Users\glaub\palpitaco\tmp\look_nacional_historico\importLookNacionalHistory.js:292:17)

[LOOK] 70/1503 ÔÇö importando 2022-08-15
[ERRO] LOOK 2022-08-15
Error: Par├ómetro "lotteryKey" inv├ílida: LOOK
    at runImport (C:\Users\glaub\palpitaco\backend\scripts\importKingApostas.js:1331:11)
    at main (C:\Users\glaub\palpitaco\tmp\look_nacional_historico\importLookNacionalHistory.js:292:17)

[LOOK] 71/1503 ÔÇö importando 2022-08-16
[ERRO] LOOK 2022-08-16
Error: Par├ómetro "lotteryKey" inv├ílida: LOOK
    at runImport (C:\Users\glaub\palpitaco\backend\scripts\importKingApostas.js:1331:11)
    at main (C:\Users\glaub\palpitaco\tmp\look_nacional_historico\importLookNacionalHistory.js:292:17)

[LOOK] 72/1503 ÔÇö importando 2022-08-17
[ERRO] LOOK 2022-08-17
Error: Par├ómetro "lotteryKey" inv├ílida: LOOK
    at runImport (C:\Users\glaub\palpitaco\backend\scripts\importKingApostas.js:1331:11)
    at main (C:\Users\glaub\palpitaco\tmp\look_nacional_historico\importLookNacionalHistory.js:292:17)

[LOOK] 73/1503 ÔÇö importando 2022-08-18
[ERRO] LOOK 2022-08-18
Error: Par├ómetro "lotteryKey" inv├ílida: LOOK
    at runImport (C:\Users\glaub\palpitaco\backend\scripts\importKingApostas.js:1331:11)
    at main (C:\Users\glaub\palpitaco\tmp\look_nacional_historico\importLookNacionalHistory.js:292:17)

[LOOK] 74/1503 ÔÇö importando 2022-08-19
[ERRO] LOOK 2022-08-19
Error: Par├ómetro "lotteryKey" inv├ílida: LOOK
    at runImport (C:\Users\glaub\palpitaco\backend\scripts\importKingApostas.js:1331:11)
    at main (C:\Users\glaub\palpitaco\tmp\look_nacional_historico\importLookNacionalHistory.js:292:17)

[LOOK] 75/1503 ÔÇö importando 2022-08-20
[ERRO] LOOK 2022-08-20
Error: Par├ómetro "lotteryKey" inv├ílida: LOOK
    at runImport (C:\Users\glaub\palpitaco\backend\scripts\importKingApostas.js:1331:11)
    at main (C:\Users\glaub\palpitaco\tmp\look_nacional_historico\importLookNacionalHistory.js:292:17)

[LOOK] 76/1503 ÔÇö importando 2022-08-21
[ERRO] LOOK 2022-08-21
Error: Par├ómetro "lotteryKey" inv├ílida: LOOK
    at runImport (C:\Users\glaub\palpitaco\backend\scripts\importKingApostas.js:1331:11)
    at main (C:\Users\glaub\palpitaco\tmp\look_nacional_historico\importLookNacionalHistory.js:292:17)

[LOOK] 77/1503 ÔÇö importando 2022-08-22
[ERRO] LOOK 2022-08-22
Error: Par├ómetro "lotteryKey" inv├ílida: LOOK
    at runImport (C:\Users\glaub\palpitaco\backend\scripts\importKingApostas.js:1331:11)
    at main (C:\Users\glaub\palpitaco\tmp\look_nacional_historico\importLookNacionalHistory.js:292:17)

[LOOK] 78/1503 ÔÇö importando 2022-08-23
[ERRO] LOOK 2022-08-23
Error: Par├ómetro "lotteryKey" inv├ílida: LOOK
    at runImport (C:\Users\glaub\palpitaco\backend\scripts\importKingApostas.js:1331:11)
    at main (C:\Users\glaub\palpitaco\tmp\look_nacional_historico\importLookNacionalHistory.js:292:17)

[LOOK] 79/1503 ÔÇö importando 2022-08-24
[ERRO] LOOK 2022-08-24
Error: Par├ómetro "lotteryKey" inv├ílida: LOOK
    at runImport (C:\Users\glaub\palpitaco\backend\scripts\importKingApostas.js:1331:11)
    at main (C:\Users\glaub\palpitaco\tmp\look_nacional_historico\importLookNacionalHistory.js:292:17)

[LOOK] 80/1503 ÔÇö importando 2022-08-25
[ERRO] LOOK 2022-08-25
Error: Par├ómetro "lotteryKey" inv├ílida: LOOK
    at runImport (C:\Users\glaub\palpitaco\backend\scripts\importKingApostas.js:1331:11)
    at main (C:\Users\glaub\palpitaco\tmp\look_nacional_historico\importLookNacionalHistory.js:292:17)

[LOOK] 81/1503 ÔÇö importando 2022-08-26
[ERRO] LOOK 2022-08-26
Error: Par├ómetro "lotteryKey" inv├ílida: LOOK
    at runImport (C:\Users\glaub\palpitaco\backend\scripts\importKingApostas.js:1331:11)
    at main (C:\Users\glaub\palpitaco\tmp\look_nacional_historico\importLookNacionalHistory.js:292:17)

[LOOK] 82/1503 ÔÇö importando 2022-08-27
[ERRO] LOOK 2022-08-27
Error: Par├ómetro "lotteryKey" inv├ílida: LOOK
    at runImport (C:\Users\glaub\palpitaco\backend\scripts\importKingApostas.js:1331:11)
    at main (C:\Users\glaub\palpitaco\tmp\look_nacional_historico\importLookNacionalHistory.js:292:17)

[LOOK] 83/1503 ÔÇö importando 2022-08-28
[ERRO] LOOK 2022-08-28
Error: Par├ómetro "lotteryKey" inv├ílida: LOOK
    at runImport (C:\Users\glaub\palpitaco\backend\scripts\importKingApostas.js:1331:11)
    at main (C:\Users\glaub\palpitaco\tmp\look_nacional_historico\importLookNacionalHistory.js:292:17)

[LOOK] 84/1503 ÔÇö importando 2022-08-29
[ERRO] LOOK 2022-08-29
Error: Par├ómetro "lotteryKey" inv├ílida: LOOK
    at runImport (C:\Users\glaub\palpitaco\backend\scripts\importKingApostas.js:1331:11)
    at main (C:\Users\glaub\palpitaco\tmp\look_nacional_historico\importLookNacionalHistory.js:292:17)

[LOOK] 85/1503 ÔÇö importando 2022-08-30
[ERRO] LOOK 2022-08-30
Error: Par├ómetro "lotteryKey" inv├ílida: LOOK
    at runImport (C:\Users\glaub\palpitaco\backend\scripts\importKingApostas.js:1331:11)
    at main (C:\Users\glaub\palpitaco\tmp\look_nacional_historico\importLookNacionalHistory.js:292:17)

[LOOK] 86/1503 ÔÇö importando 2022-08-31
[ERRO] LOOK 2022-08-31
Error: Par├ómetro "lotteryKey" inv├ílida: LOOK
    at runImport (C:\Users\glaub\palpitaco\backend\scripts\importKingApostas.js:1331:11)
    at main (C:\Users\glaub\palpitaco\tmp\look_nacional_historico\importLookNacionalHistory.js:292:17)

[LOOK] 87/1503 ÔÇö importando 2022-09-01
[ERRO] LOOK 2022-09-01
Error: Par├ómetro "lotteryKey" inv├ílida: LOOK
    at runImport (C:\Users\glaub\palpitaco\backend\scripts\importKingApostas.js:1331:11)
    at main (C:\Users\glaub\palpitaco\tmp\look_nacional_historico\importLookNacionalHistory.js:292:17)

[LOOK] 88/1503 ÔÇö importando 2022-09-02
[ERRO] LOOK 2022-09-02
Error: Par├ómetro "lotteryKey" inv├ílida: LOOK
    at runImport (C:\Users\glaub\palpitaco\backend\scripts\importKingApostas.js:1331:11)
    at main (C:\Users\glaub\palpitaco\tmp\look_nacional_historico\importLookNacionalHistory.js:292:17)

[LOOK] 89/1503 ÔÇö importando 2022-09-03
[ERRO] LOOK 2022-09-03
Error: Par├ómetro "lotteryKey" inv├ílida: LOOK
    at runImport (C:\Users\glaub\palpitaco\backend\scripts\importKingApostas.js:1331:11)
    at main (C:\Users\glaub\palpitaco\tmp\look_nacional_historico\importLookNacionalHistory.js:292:17)

[LOOK] 90/1503 ÔÇö importando 2022-09-04
[ERRO] LOOK 2022-09-04
Error: Par├ómetro "lotteryKey" inv├ílida: LOOK
    at runImport (C:\Users\glaub\palpitaco\backend\scripts\importKingApostas.js:1331:11)
    at main (C:\Users\glaub\palpitaco\tmp\look_nacional_historico\importLookNacionalHistory.js:292:17)

[LOOK] 91/1503 ÔÇö importando 2022-09-05
[ERRO] LOOK 2022-09-05
Error: Par├ómetro "lotteryKey" inv├ílida: LOOK
    at runImport (C:\Users\glaub\palpitaco\backend\scripts\importKingApostas.js:1331:11)
    at main (C:\Users\glaub\palpitaco\tmp\look_nacional_historico\importLookNacionalHistory.js:292:17)

[LOOK] 92/1503 ÔÇö importando 2022-09-06
[ERRO] LOOK 2022-09-06
Error: Par├ómetro "lotteryKey" inv├ílida: LOOK
    at runImport (C:\Users\glaub\palpitaco\backend\scripts\importKingApostas.js:1331:11)
    at main (C:\Users\glaub\palpitaco\tmp\look_nacional_historico\importLookNacionalHistory.js:292:17)

[LOOK] 93/1503 ÔÇö importando 2022-09-07
[ERRO] LOOK 2022-09-07
Error: Par├ómetro "lotteryKey" inv├ílida: LOOK
    at runImport (C:\Users\glaub\palpitaco\backend\scripts\importKingApostas.js:1331:11)
    at main (C:\Users\glaub\palpitaco\tmp\look_nacional_historico\importLookNacionalHistory.js:292:17)

[LOOK] 94/1503 ÔÇö importando 2022-09-08
[ERRO] LOOK 2022-09-08
Error: Par├ómetro "lotteryKey" inv├ílida: LOOK
    at runImport (C:\Users\glaub\palpitaco\backend\scripts\importKingApostas.js:1331:11)
    at main (C:\Users\glaub\palpitaco\tmp\look_nacional_historico\importLookNacionalHistory.js:292:17)

[LOOK] 95/1503 ÔÇö importando 2022-09-09
[ERRO] LOOK 2022-09-09
Error: Par├ómetro "lotteryKey" inv├ílida: LOOK
    at runImport (C:\Users\glaub\palpitaco\backend\scripts\importKingApostas.js:1331:11)
    at main (C:\Users\glaub\palpitaco\tmp\look_nacional_historico\importLookNacionalHistory.js:292:17)

[LOOK] 96/1503 ÔÇö importando 2022-09-10
[ERRO] LOOK 2022-09-10
Error: Par├ómetro "lotteryKey" inv├ílida: LOOK
    at runImport (C:\Users\glaub\palpitaco\backend\scripts\importKingApostas.js:1331:11)
    at main (C:\Users\glaub\palpitaco\tmp\look_nacional_historico\importLookNacionalHistory.js:292:17)

[LOOK] 97/1503 ÔÇö importando 2022-09-11
[ERRO] LOOK 2022-09-11
Error: Par├ómetro "lotteryKey" inv├ílida: LOOK
    at runImport (C:\Users\glaub\palpitaco\backend\scripts\importKingApostas.js:1331:11)
    at main (C:\Users\glaub\palpitaco\tmp\look_nacional_historico\importLookNacionalHistory.js:292:17)

[LOOK] 98/1503 ÔÇö importando 2022-09-12
[ERRO] LOOK 2022-09-12
Error: Par├ómetro "lotteryKey" inv├ílida: LOOK
    at runImport (C:\Users\glaub\palpitaco\backend\scripts\importKingApostas.js:1331:11)
    at main (C:\Users\glaub\palpitaco\tmp\look_nacional_historico\importLookNacionalHistory.js:292:17)

[LOOK] 99/1503 ÔÇö importando 2022-09-13
[ERRO] LOOK 2022-09-13
Error: Par├ómetro "lotteryKey" inv├ílida: LOOK
    at runImport (C:\Users\glaub\palpitaco\backend\scripts\importKingApostas.js:1331:11)
    at main (C:\Users\glaub\palpitaco\tmp\look_nacional_historico\importLookNacionalHistory.js:292:17)

[LOOK] 100/1503 ÔÇö importando 2022-09-14
[ERRO] LOOK 2022-09-14
Error: Par├ómetro "lotteryKey" inv├ílida: LOOK
    at runImport (C:\Users\glaub\palpitaco\backend\scripts\importKingApostas.js:1331:11)
    at main (C:\Users\glaub\palpitaco\tmp\look_nacional_historico\importLookNacionalHistory.js:292:17)

[LOOK] 101/1503 ÔÇö importando 2022-09-15
[ERRO] LOOK 2022-09-15
Error: Par├ómetro "lotteryKey" inv├ílida: LOOK
    at runImport (C:\Users\glaub\palpitaco\backend\scripts\importKingApostas.js:1331:11)
    at main (C:\Users\glaub\palpitaco\tmp\look_nacional_historico\importLookNacionalHistory.js:292:17)

[LOOK] 102/1503 ÔÇö importando 2022-09-16
[ERRO] LOOK 2022-09-16
Error: Par├ómetro "lotteryKey" inv├ílida: LOOK
    at runImport (C:\Users\glaub\palpitaco\backend\scripts\importKingApostas.js:1331:11)
    at main (C:\Users\glaub\palpitaco\tmp\look_nacional_historico\importLookNacionalHistory.js:292:17)

[LOOK] 103/1503 ÔÇö importando 2022-09-17
[ERRO] LOOK 2022-09-17
Error: Par├ómetro "lotteryKey" inv├ílida: LOOK
    at runImport (C:\Users\glaub\palpitaco\backend\scripts\importKingApostas.js:1331:11)
    at main (C:\Users\glaub\palpitaco\tmp\look_nacional_historico\importLookNacionalHistory.js:292:17)

[LOOK] 104/1503 ÔÇö importando 2022-09-18
[ERRO] LOOK 2022-09-18
Error: Par├ómetro "lotteryKey" inv├ílida: LOOK
    at runImport (C:\Users\glaub\palpitaco\backend\scripts\importKingApostas.js:1331:11)
    at main (C:\Users\glaub\palpitaco\tmp\look_nacional_historico\importLookNacionalHistory.js:292:17)

[LOOK] 105/1503 ÔÇö importando 2022-09-19
[ERRO] LOOK 2022-09-19
Error: Par├ómetro "lotteryKey" inv├ílida: LOOK
    at runImport (C:\Users\glaub\palpitaco\backend\scripts\importKingApostas.js:1331:11)
    at main (C:\Users\glaub\palpitaco\tmp\look_nacional_historico\importLookNacionalHistory.js:292:17)

[LOOK] 106/1503 ÔÇö importando 2022-09-20
[ERRO] LOOK 2022-09-20
Error: Par├ómetro "lotteryKey" inv├ílida: LOOK
    at runImport (C:\Users\glaub\palpitaco\backend\scripts\importKingApostas.js:1331:11)
    at main (C:\Users\glaub\palpitaco\tmp\look_nacional_historico\importLookNacionalHistory.js:292:17)

[LOOK] 107/1503 ÔÇö importando 2022-09-21
[ERRO] LOOK 2022-09-21
Error: Par├ómetro "lotteryKey" inv├ílida: LOOK
    at runImport (C:\Users\glaub\palpitaco\backend\scripts\importKingApostas.js:1331:11)
    at main (C:\Users\glaub\palpitaco\tmp\look_nacional_historico\importLookNacionalHistory.js:292:17)

[LOOK] 108/1503 ÔÇö importando 2022-09-22
[ERRO] LOOK 2022-09-22
Error: Par├ómetro "lotteryKey" inv├ílida: LOOK
    at runImport (C:\Users\glaub\palpitaco\backend\scripts\importKingApostas.js:1331:11)
    at main (C:\Users\glaub\palpitaco\tmp\look_nacional_historico\importLookNacionalHistory.js:292:17)

[LOOK] 109/1503 ÔÇö importando 2022-09-23
[ERRO] LOOK 2022-09-23
Error: Par├ómetro "lotteryKey" inv├ílida: LOOK
    at runImport (C:\Users\glaub\palpitaco\backend\scripts\importKingApostas.js:1331:11)
    at main (C:\Users\glaub\palpitaco\tmp\look_nacional_historico\importLookNacionalHistory.js:292:17)

[LOOK] 110/1503 ÔÇö importando 2022-09-24
[ERRO] LOOK 2022-09-24
Error: Par├ómetro "lotteryKey" inv├ílida: LOOK
    at runImport (C:\Users\glaub\palpitaco\backend\scripts\importKingApostas.js:1331:11)
    at main (C:\Users\glaub\palpitaco\tmp\look_nacional_historico\importLookNacionalHistory.js:292:17)

[LOOK] 111/1503 ÔÇö importando 2022-09-25
[ERRO] LOOK 2022-09-25
Error: Par├ómetro "lotteryKey" inv├ílida: LOOK
    at runImport (C:\Users\glaub\palpitaco\backend\scripts\importKingApostas.js:1331:11)
    at main (C:\Users\glaub\palpitaco\tmp\look_nacional_historico\importLookNacionalHistory.js:292:17)

[LOOK] 112/1503 ÔÇö importando 2022-09-26
[ERRO] LOOK 2022-09-26
Error: Par├ómetro "lotteryKey" inv├ílida: LOOK
    at runImport (C:\Users\glaub\palpitaco\backend\scripts\importKingApostas.js:1331:11)
    at main (C:\Users\glaub\palpitaco\tmp\look_nacional_historico\importLookNacionalHistory.js:292:17)

[LOOK] 113/1503 ÔÇö importando 2022-09-27
[ERRO] LOOK 2022-09-27
Error: Par├ómetro "lotteryKey" inv├ílida: LOOK
    at runImport (C:\Users\glaub\palpitaco\backend\scripts\importKingApostas.js:1331:11)
    at main (C:\Users\glaub\palpitaco\tmp\look_nacional_historico\importLookNacionalHistory.js:292:17)

[LOOK] 114/1503 ÔÇö importando 2022-09-28
[ERRO] LOOK 2022-09-28
Error: Par├ómetro "lotteryKey" inv├ílida: LOOK
    at runImport (C:\Users\glaub\palpitaco\backend\scripts\importKingApostas.js:1331:11)
    at main (C:\Users\glaub\palpitaco\tmp\look_nacional_historico\importLookNacionalHistory.js:292:17)

[LOOK] 115/1503 ÔÇö importando 2022-09-29
[ERRO] LOOK 2022-09-29
Error: Par├ómetro "lotteryKey" inv├ílida: LOOK
    at runImport (C:\Users\glaub\palpitaco\backend\scripts\importKingApostas.js:1331:11)
    at main (C:\Users\glaub\palpitaco\tmp\look_nacional_historico\importLookNacionalHistory.js:292:17)

[LOOK] 116/1503 ÔÇö importando 2022-09-30
[ERRO] LOOK 2022-09-30
Error: Par├ómetro "lotteryKey" inv├ílida: LOOK
    at runImport (C:\Users\glaub\palpitaco\backend\scripts\importKingApostas.js:1331:11)
    at main (C:\Users\glaub\palpitaco\tmp\look_nacional_historico\importLookNacionalHistory.js:292:17)

[LOOK] 117/1503 ÔÇö importando 2022-10-01
[ERRO] LOOK 2022-10-01
Error: Par├ómetro "lotteryKey" inv├ílida: LOOK
    at runImport (C:\Users\glaub\palpitaco\backend\scripts\importKingApostas.js:1331:11)
    at main (C:\Users\glaub\palpitaco\tmp\look_nacional_historico\importLookNacionalHistory.js:292:17)

[LOOK] 118/1503 ÔÇö importando 2022-10-02
[ERRO] LOOK 2022-10-02
Error: Par├ómetro "lotteryKey" inv├ílida: LOOK
    at runImport (C:\Users\glaub\palpitaco\backend\scripts\importKingApostas.js:1331:11)
    at main (C:\Users\glaub\palpitaco\tmp\look_nacional_historico\importLookNacionalHistory.js:292:17)

[LOOK] 119/1503 ÔÇö importando 2022-10-03
[ERRO] LOOK 2022-10-03
Error: Par├ómetro "lotteryKey" inv├ílida: LOOK
    at runImport (C:\Users\glaub\palpitaco\backend\scripts\importKingApostas.js:1331:11)
    at main (C:\Users\glaub\palpitaco\tmp\look_nacional_historico\importLookNacionalHistory.js:292:17)

[LOOK] 120/1503 ÔÇö importando 2022-10-04
[ERRO] LOOK 2022-10-04
Error: Par├ómetro "lotteryKey" inv├ílida: LOOK
    at runImport (C:\Users\glaub\palpitaco\backend\scripts\importKingApostas.js:1331:11)
    at main (C:\Users\glaub\palpitaco\tmp\look_nacional_historico\importLookNacionalHistory.js:292:17)

[LOOK] 121/1503 ÔÇö importando 2022-10-05
[ERRO] LOOK 2022-10-05
Error: Par├ómetro "lotteryKey" inv├ílida: LOOK
    at runImport (C:\Users\glaub\palpitaco\backend\scripts\importKingApostas.js:1331:11)
    at main (C:\Users\glaub\palpitaco\tmp\look_nacional_historico\importLookNacionalHistory.js:292:17)

[LOOK] 122/1503 ÔÇö importando 2022-10-06
[ERRO] LOOK 2022-10-06
Error: Par├ómetro "lotteryKey" inv├ílida: LOOK
    at runImport (C:\Users\glaub\palpitaco\backend\scripts\importKingApostas.js:1331:11)
    at main (C:\Users\glaub\palpitaco\tmp\look_nacional_historico\importLookNacionalHistory.js:292:17)

[LOOK] 123/1503 ÔÇö importando 2022-10-07
[ERRO] LOOK 2022-10-07
Error: Par├ómetro "lotteryKey" inv├ílida: LOOK
    at runImport (C:\Users\glaub\palpitaco\backend\scripts\importKingApostas.js:1331:11)
    at main (C:\Users\glaub\palpitaco\tmp\look_nacional_historico\importLookNacionalHistory.js:292:17)

[LOOK] 124/1503 ÔÇö importando 2022-10-08
[ERRO] LOOK 2022-10-08
Error: Par├ómetro "lotteryKey" inv├ílida: LOOK
    at runImport (C:\Users\glaub\palpitaco\backend\scripts\importKingApostas.js:1331:11)
    at main (C:\Users\glaub\palpitaco\tmp\look_nacional_historico\importLookNacionalHistory.js:292:17)

[LOOK] 125/1503 ÔÇö importando 2022-10-09
[ERRO] LOOK 2022-10-09
Error: Par├ómetro "lotteryKey" inv├ílida: LOOK
    at runImport (C:\Users\glaub\palpitaco\backend\scripts\importKingApostas.js:1331:11)
    at main (C:\Users\glaub\palpitaco\tmp\look_nacional_historico\importLookNacionalHistory.js:292:17)

[LOOK] 126/1503 ÔÇö importando 2022-10-10
[ERRO] LOOK 2022-10-10
Error: Par├ómetro "lotteryKey" inv├ílida: LOOK
    at runImport (C:\Users\glaub\palpitaco\backend\scripts\importKingApostas.js:1331:11)
    at main (C:\Users\glaub\palpitaco\tmp\look_nacional_historico\importLookNacionalHistory.js:292:17)

[LOOK] 127/1503 ÔÇö importando 2022-10-11
[ERRO] LOOK 2022-10-11
Error: Par├ómetro "lotteryKey" inv├ílida: LOOK
    at runImport (C:\Users\glaub\palpitaco\backend\scripts\importKingApostas.js:1331:11)
    at main (C:\Users\glaub\palpitaco\tmp\look_nacional_historico\importLookNacionalHistory.js:292:17)

[LOOK] 128/1503 ÔÇö importando 2022-10-12
[ERRO] LOOK 2022-10-12
Error: Par├ómetro "lotteryKey" inv├ílida: LOOK
    at runImport (C:\Users\glaub\palpitaco\backend\scripts\importKingApostas.js:1331:11)
    at main (C:\Users\glaub\palpitaco\tmp\look_nacional_historico\importLookNacionalHistory.js:292:17)

[LOOK] 129/1503 ÔÇö importando 2022-10-13
[ERRO] LOOK 2022-10-13
Error: Par├ómetro "lotteryKey" inv├ílida: LOOK
    at runImport (C:\Users\glaub\palpitaco\backend\scripts\importKingApostas.js:1331:11)
    at main (C:\Users\glaub\palpitaco\tmp\look_nacional_historico\importLookNacionalHistory.js:292:17)

[LOOK] 130/1503 ÔÇö importando 2022-10-14
[ERRO] LOOK 2022-10-14
Error: Par├ómetro "lotteryKey" inv├ílida: LOOK
    at runImport (C:\Users\glaub\palpitaco\backend\scripts\importKingApostas.js:1331:11)
    at main (C:\Users\glaub\palpitaco\tmp\look_nacional_historico\importLookNacionalHistory.js:292:17)

[LOOK] 131/1503 ÔÇö importando 2022-10-15
[ERRO] LOOK 2022-10-15
Error: Par├ómetro "lotteryKey" inv├ílida: LOOK
    at runImport (C:\Users\glaub\palpitaco\backend\scripts\importKingApostas.js:1331:11)
    at main (C:\Users\glaub\palpitaco\tmp\look_nacional_historico\importLookNacionalHistory.js:292:17)

[LOOK] 132/1503 ÔÇö importando 2022-10-16
[ERRO] LOOK 2022-10-16
Error: Par├ómetro "lotteryKey" inv├ílida: LOOK
    at runImport (C:\Users\glaub\palpitaco\backend\scripts\importKingApostas.js:1331:11)
    at main (C:\Users\glaub\palpitaco\tmp\look_nacional_historico\importLookNacionalHistory.js:292:17)

[LOOK] 133/1503 ÔÇö importando 2022-10-17
[ERRO] LOOK 2022-10-17
Error: Par├ómetro "lotteryKey" inv├ílida: LOOK
    at runImport (C:\Users\glaub\palpitaco\backend\scripts\importKingApostas.js:1331:11)
    at main (C:\Users\glaub\palpitaco\tmp\look_nacional_historico\importLookNacionalHistory.js:292:17)

[LOOK] 134/1503 ÔÇö importando 2022-10-18
[ERRO] LOOK 2022-10-18
Error: Par├ómetro "lotteryKey" inv├ílida: LOOK
    at runImport (C:\Users\glaub\palpitaco\backend\scripts\importKingApostas.js:1331:11)
    at main (C:\Users\glaub\palpitaco\tmp\look_nacional_historico\importLookNacionalHistory.js:292:17)

[LOOK] 135/1503 ÔÇö importando 2022-10-19
[ERRO] LOOK 2022-10-19
Error: Par├ómetro "lotteryKey" inv├ílida: LOOK
    at runImport (C:\Users\glaub\palpitaco\backend\scripts\importKingApostas.js:1331:11)
    at main (C:\Users\glaub\palpitaco\tmp\look_nacional_historico\importLookNacionalHistory.js:292:17)

[LOOK] 136/1503 ÔÇö importando 2022-10-20
[ERRO] LOOK 2022-10-20
Error: Par├ómetro "lotteryKey" inv├ílida: LOOK
    at runImport (C:\Users\glaub\palpitaco\backend\scripts\importKingApostas.js:1331:11)
    at main (C:\Users\glaub\palpitaco\tmp\look_nacional_historico\importLookNacionalHistory.js:292:17)

[LOOK] 137/1503 ÔÇö importando 2022-10-21
[ERRO] LOOK 2022-10-21
Error: Par├ómetro "lotteryKey" inv├ílida: LOOK
    at runImport (C:\Users\glaub\palpitaco\backend\scripts\importKingApostas.js:1331:11)
    at main (C:\Users\glaub\palpitaco\tmp\look_nacional_historico\importLookNacionalHistory.js:292:17)

[LOOK] 138/1503 ÔÇö importando 2022-10-22
[ERRO] LOOK 2022-10-22
Error: Par├ómetro "lotteryKey" inv├ílida: LOOK
    at runImport (C:\Users\glaub\palpitaco\backend\scripts\importKingApostas.js:1331:11)
    at main (C:\Users\glaub\palpitaco\tmp\look_nacional_historico\importLookNacionalHistory.js:292:17)

[LOOK] 139/1503 ÔÇö importando 2022-10-23
[ERRO] LOOK 2022-10-23
Error: Par├ómetro "lotteryKey" inv├ílida: LOOK
    at runImport (C:\Users\glaub\palpitaco\backend\scripts\importKingApostas.js:1331:11)
    at main (C:\Users\glaub\palpitaco\tmp\look_nacional_historico\importLookNacionalHistory.js:292:17)

[LOOK] 140/1503 ÔÇö importando 2022-10-24
[ERRO] LOOK 2022-10-24
Error: Par├ómetro "lotteryKey" inv├ílida: LOOK
    at runImport (C:\Users\glaub\palpitaco\backend\scripts\importKingApostas.js:1331:11)
    at main (C:\Users\glaub\palpitaco\tmp\look_nacional_historico\importLookNacionalHistory.js:292:17)

[LOOK] 141/1503 ÔÇö importando 2022-10-25
[ERRO] LOOK 2022-10-25
Error: Par├ómetro "lotteryKey" inv├ílida: LOOK
    at runImport (C:\Users\glaub\palpitaco\backend\scripts\importKingApostas.js:1331:11)
    at main (C:\Users\glaub\palpitaco\tmp\look_nacional_historico\importLookNacionalHistory.js:292:17)

[LOOK] 142/1503 ÔÇö importando 2022-10-26
[ERRO] LOOK 2022-10-26
Error: Par├ómetro "lotteryKey" inv├ílida: LOOK
    at runImport (C:\Users\glaub\palpitaco\backend\scripts\importKingApostas.js:1331:11)
    at main (C:\Users\glaub\palpitaco\tmp\look_nacional_historico\importLookNacionalHistory.js:292:17)

[LOOK] 143/1503 ÔÇö importando 2022-10-27
[ERRO] LOOK 2022-10-27
Error: Par├ómetro "lotteryKey" inv├ílida: LOOK
    at runImport (C:\Users\glaub\palpitaco\backend\scripts\importKingApostas.js:1331:11)
    at main (C:\Users\glaub\palpitaco\tmp\look_nacional_historico\importLookNacionalHistory.js:292:17)

[LOOK] 144/1503 ÔÇö importando 2022-10-28
[ERRO] LOOK 2022-10-28
Error: Par├ómetro "lotteryKey" inv├ílida: LOOK
    at runImport (C:\Users\glaub\palpitaco\backend\scripts\importKingApostas.js:1331:11)
    at main (C:\Users\glaub\palpitaco\tmp\look_nacional_historico\importLookNacionalHistory.js:292:17)

[LOOK] 145/1503 ÔÇö importando 2022-10-29
[ERRO] LOOK 2022-10-29
Error: Par├ómetro "lotteryKey" inv├ílida: LOOK
    at runImport (C:\Users\glaub\palpitaco\backend\scripts\importKingApostas.js:1331:11)
    at main (C:\Users\glaub\palpitaco\tmp\look_nacional_historico\importLookNacionalHistory.js:292:17)

[LOOK] 146/1503 ÔÇö importando 2022-10-30
[ERRO] LOOK 2022-10-30
Error: Par├ómetro "lotteryKey" inv├ílida: LOOK
    at runImport (C:\Users\glaub\palpitaco\backend\scripts\importKingApostas.js:1331:11)
    at main (C:\Users\glaub\palpitaco\tmp\look_nacional_historico\importLookNacionalHistory.js:292:17)

[LOOK] 147/1503 ÔÇö importando 2022-10-31
[ERRO] LOOK 2022-10-31
Error: Par├ómetro "lotteryKey" inv├ílida: LOOK
    at runImport (C:\Users\glaub\palpitaco\backend\scripts\importKingApostas.js:1331:11)
    at main (C:\Users\glaub\palpitaco\tmp\look_nacional_historico\importLookNacionalHistory.js:292:17)

[LOOK] 148/1503 ÔÇö importando 2022-11-01
[ERRO] LOOK 2022-11-01
Error: Par├ómetro "lotteryKey" inv├ílida: LOOK
    at runImport (C:\Users\glaub\palpitaco\backend\scripts\importKingApostas.js:1331:11)
    at main (C:\Users\glaub\palpitaco\tmp\look_nacional_historico\importLookNacionalHistory.js:292:17)

[LOOK] 149/1503 ÔÇö importando 2022-11-02
[ERRO] LOOK 2022-11-02
Error: Par├ómetro "lotteryKey" inv├ílida: LOOK
    at runImport (C:\Users\glaub\palpitaco\backend\scripts\importKingApostas.js:1331:11)
    at main (C:\Users\glaub\palpitaco\tmp\look_nacional_historico\importLookNacionalHistory.js:292:17)

[LOOK] 150/1503 ÔÇö importando 2022-11-03
[ERRO] LOOK 2022-11-03
Error: Par├ómetro "lotteryKey" inv├ílida: LOOK
    at runImport (C:\Users\glaub\palpitaco\backend\scripts\importKingApostas.js:1331:11)
    at main (C:\Users\glaub\palpitaco\tmp\look_nacional_historico\importLookNacionalHistory.js:292:17)

[LOOK] 151/1503 ÔÇö importando 2022-11-04
[ERRO] LOOK 2022-11-04
Error: Par├ómetro "lotteryKey" inv├ílida: LOOK
    at runImport (C:\Users\glaub\palpitaco\backend\scripts\importKingApostas.js:1331:11)
    at main (C:\Users\glaub\palpitaco\tmp\look_nacional_historico\importLookNacionalHistory.js:292:17)

[LOOK] 152/1503 ÔÇö importando 2022-11-05
[ERRO] LOOK 2022-11-05
Error: Par├ómetro "lotteryKey" inv├ílida: LOOK
    at runImport (C:\Users\glaub\palpitaco\backend\scripts\importKingApostas.js:1331:11)
    at main (C:\Users\glaub\palpitaco\tmp\look_nacional_historico\importLookNacionalHistory.js:292:17)

[LOOK] 153/1503 ÔÇö importando 2022-11-06
[ERRO] LOOK 2022-11-06
Error: Par├ómetro "lotteryKey" inv├ílida: LOOK
    at runImport (C:\Users\glaub\palpitaco\backend\scripts\importKingApostas.js:1331:11)
    at main (C:\Users\glaub\palpitaco\tmp\look_nacional_historico\importLookNacionalHistory.js:292:17)

[LOOK] 154/1503 ÔÇö importando 2022-11-07
[ERRO] LOOK 2022-11-07
Error: Par├ómetro "lotteryKey" inv├ílida: LOOK
    at runImport (C:\Users\glaub\palpitaco\backend\scripts\importKingApostas.js:1331:11)
    at main (C:\Users\glaub\palpitaco\tmp\look_nacional_historico\importLookNacionalHistory.js:292:17)

[LOOK] 155/1503 ÔÇö importando 2022-11-08
[ERRO] LOOK 2022-11-08
Error: Par├ómetro "lotteryKey" inv├ílida: LOOK
    at runImport (C:\Users\glaub\palpitaco\backend\scripts\importKingApostas.js:1331:11)
    at main (C:\Users\glaub\palpitaco\tmp\look_nacional_historico\importLookNacionalHistory.js:292:17)

[LOOK] 156/1503 ÔÇö importando 2022-11-09
[ERRO] LOOK 2022-11-09
Error: Par├ómetro "lotteryKey" inv├ílida: LOOK
    at runImport (C:\Users\glaub\palpitaco\backend\scripts\importKingApostas.js:1331:11)
    at main (C:\Users\glaub\palpitaco\tmp\look_nacional_historico\importLookNacionalHistory.js:292:17)

[LOOK] 157/1503 ÔÇö importando 2022-11-10
[ERRO] LOOK 2022-11-10
Error: Par├ómetro "lotteryKey" inv├ílida: LOOK
    at runImport (C:\Users\glaub\palpitaco\backend\scripts\importKingApostas.js:1331:11)
    at main (C:\Users\glaub\palpitaco\tmp\look_nacional_historico\importLookNacionalHistory.js:292:17)

[LOOK] 158/1503 ÔÇö importando 2022-11-11
[ERRO] LOOK 2022-11-11
Error: Par├ómetro "lotteryKey" inv├ílida: LOOK
    at runImport (C:\Users\glaub\palpitaco\backend\scripts\importKingApostas.js:1331:11)
    at main (C:\Users\glaub\palpitaco\tmp\look_nacional_historico\importLookNacionalHistory.js:292:17)

[LOOK] 159/1503 ÔÇö importando 2022-11-12
[ERRO] LOOK 2022-11-12
Error: Par├ómetro "lotteryKey" inv├ílida: LOOK
    at runImport (C:\Users\glaub\palpitaco\backend\scripts\importKingApostas.js:1331:11)
    at main (C:\Users\glaub\palpitaco\tmp\look_nacional_historico\importLookNacionalHistory.js:292:17)

[LOOK] 160/1503 ÔÇö importando 2022-11-13
[ERRO] LOOK 2022-11-13
Error: Par├ómetro "lotteryKey" inv├ílida: LOOK
    at runImport (C:\Users\glaub\palpitaco\backend\scripts\importKingApostas.js:1331:11)
    at main (C:\Users\glaub\palpitaco\tmp\look_nacional_historico\importLookNacionalHistory.js:292:17)

[LOOK] 161/1503 ÔÇö importando 2022-11-14
[ERRO] LOOK 2022-11-14
Error: Par├ómetro "lotteryKey" inv├ílida: LOOK
    at runImport (C:\Users\glaub\palpitaco\backend\scripts\importKingApostas.js:1331:11)
    at main (C:\Users\glaub\palpitaco\tmp\look_nacional_historico\importLookNacionalHistory.js:292:17)

[LOOK] 162/1503 ÔÇö importando 2022-11-15
[ERRO] LOOK 2022-11-15
Error: Par├ómetro "lotteryKey" inv├ílida: LOOK
    at runImport (C:\Users\glaub\palpitaco\backend\scripts\importKingApostas.js:1331:11)
    at main (C:\Users\glaub\palpitaco\tmp\look_nacional_historico\importLookNacionalHistory.js:292:17)

[LOOK] 163/1503 ÔÇö importando 2022-11-16
[ERRO] LOOK 2022-11-16
Error: Par├ómetro "lotteryKey" inv├ílida: LOOK
    at runImport (C:\Users\glaub\palpitaco\backend\scripts\importKingApostas.js:1331:11)
    at main (C:\Users\glaub\palpitaco\tmp\look_nacional_historico\importLookNacionalHistory.js:292:17)

[LOOK] 164/1503 ÔÇö importando 2022-11-17
[ERRO] LOOK 2022-11-17
Error: Par├ómetro "lotteryKey" inv├ílida: LOOK
    at runImport (C:\Users\glaub\palpitaco\backend\scripts\importKingApostas.js:1331:11)
    at main (C:\Users\glaub\palpitaco\tmp\look_nacional_historico\importLookNacionalHistory.js:292:17)

[LOOK] 165/1503 ÔÇö importando 2022-11-18
[ERRO] LOOK 2022-11-18
Error: Par├ómetro "lotteryKey" inv├ílida: LOOK
    at runImport (C:\Users\glaub\palpitaco\backend\scripts\importKingApostas.js:1331:11)
    at main (C:\Users\glaub\palpitaco\tmp\look_nacional_historico\importLookNacionalHistory.js:292:17)

[LOOK] 166/1503 ÔÇö importando 2022-11-19
[ERRO] LOOK 2022-11-19
Error: Par├ómetro "lotteryKey" inv├ílida: LOOK
    at runImport (C:\Users\glaub\palpitaco\backend\scripts\importKingApostas.js:1331:11)
    at main (C:\Users\glaub\palpitaco\tmp\look_nacional_historico\importLookNacionalHistory.js:292:17)

[LOOK] 167/1503 ÔÇö importando 2022-11-20
[ERRO] LOOK 2022-11-20
Error: Par├ómetro "lotteryKey" inv├ílida: LOOK
    at runImport (C:\Users\glaub\palpitaco\backend\scripts\importKingApostas.js:1331:11)
    at main (C:\Users\glaub\palpitaco\tmp\look_nacional_historico\importLookNacionalHistory.js:292:17)

[LOOK] 168/1503 ÔÇö importando 2022-11-21
[ERRO] LOOK 2022-11-21
Error: Par├ómetro "lotteryKey" inv├ílida: LOOK
    at runImport (C:\Users\glaub\palpitaco\backend\scripts\importKingApostas.js:1331:11)
    at main (C:\Users\glaub\palpitaco\tmp\look_nacional_historico\importLookNacionalHistory.js:292:17)

[LOOK] 169/1503 ÔÇö importando 2022-11-22
[ERRO] LOOK 2022-11-22
Error: Par├ómetro "lotteryKey" inv├ílida: LOOK
    at runImport (C:\Users\glaub\palpitaco\backend\scripts\importKingApostas.js:1331:11)
    at main (C:\Users\glaub\palpitaco\tmp\look_nacional_historico\importLookNacionalHistory.js:292:17)

[LOOK] 170/1503 ÔÇö importando 2022-11-23
[ERRO] LOOK 2022-11-23
Error: Par├ómetro "lotteryKey" inv├ílida: LOOK
    at runImport (C:\Users\glaub\palpitaco\backend\scripts\importKingApostas.js:1331:11)
    at main (C:\Users\glaub\palpitaco\tmp\look_nacional_historico\importLookNacionalHistory.js:292:17)

[LOOK] 171/1503 ÔÇö importando 2022-11-24
[ERRO] LOOK 2022-11-24
Error: Par├ómetro "lotteryKey" inv├ílida: LOOK
    at runImport (C:\Users\glaub\palpitaco\backend\scripts\importKingApostas.js:1331:11)
    at main (C:\Users\glaub\palpitaco\tmp\look_nacional_historico\importLookNacionalHistory.js:292:17)

[LOOK] 172/1503 ÔÇö importando 2022-11-25
[ERRO] LOOK 2022-11-25
Error: Par├ómetro "lotteryKey" inv├ílida: LOOK
    at runImport (C:\Users\glaub\palpitaco\backend\scripts\importKingApostas.js:1331:11)
    at main (C:\Users\glaub\palpitaco\tmp\look_nacional_historico\importLookNacionalHistory.js:292:17)

[LOOK] 173/1503 ÔÇö importando 2022-11-26
[ERRO] LOOK 2022-11-26
Error: Par├ómetro "lotteryKey" inv├ílida: LOOK
    at runImport (C:\Users\glaub\palpitaco\backend\scripts\importKingApostas.js:1331:11)
    at main (C:\Users\glaub\palpitaco\tmp\look_nacional_historico\importLookNacionalHistory.js:292:17)

[LOOK] 174/1503 ÔÇö importando 2022-11-27
[ERRO] LOOK 2022-11-27
Error: Par├ómetro "lotteryKey" inv├ílida: LOOK
    at runImport (C:\Users\glaub\palpitaco\backend\scripts\importKingApostas.js:1331:11)
    at main (C:\Users\glaub\palpitaco\tmp\look_nacional_historico\importLookNacionalHistory.js:292:17)

[LOOK] 175/1503 ÔÇö importando 2022-11-28
[ERRO] LOOK 2022-11-28
Error: Par├ómetro "lotteryKey" inv├ílida: LOOK
    at runImport (C:\Users\glaub\palpitaco\backend\scripts\importKingApostas.js:1331:11)
    at main (C:\Users\glaub\palpitaco\tmp\look_nacional_historico\importLookNacionalHistory.js:292:17)

[LOOK] 176/1503 ÔÇö importando 2022-11-29
[ERRO] LOOK 2022-11-29
Error: Par├ómetro "lotteryKey" inv├ílida: LOOK
    at runImport (C:\Users\glaub\palpitaco\backend\scripts\importKingApostas.js:1331:11)
    at main (C:\Users\glaub\palpitaco\tmp\look_nacional_historico\importLookNacionalHistory.js:292:17)

[LOOK] 177/1503 ÔÇö importando 2022-11-30
[ERRO] LOOK 2022-11-30
Error: Par├ómetro "lotteryKey" inv├ílida: LOOK
    at runImport (C:\Users\glaub\palpitaco\backend\scripts\importKingApostas.js:1331:11)
    at main (C:\Users\glaub\palpitaco\tmp\look_nacional_historico\importLookNacionalHistory.js:292:17)

[LOOK] 178/1503 ÔÇö importando 2022-12-01
[ERRO] LOOK 2022-12-01
Error: Par├ómetro "lotteryKey" inv├ílida: LOOK
    at runImport (C:\Users\glaub\palpitaco\backend\scripts\importKingApostas.js:1331:11)
    at main (C:\Users\glaub\palpitaco\tmp\look_nacional_historico\importLookNacionalHistory.js:292:17)

[LOOK] 179/1503 ÔÇö importando 2022-12-02
[ERRO] LOOK 2022-12-02
Error: Par├ómetro "lotteryKey" inv├ílida: LOOK
    at runImport (C:\Users\glaub\palpitaco\backend\scripts\importKingApostas.js:1331:11)
    at main (C:\Users\glaub\palpitaco\tmp\look_nacional_historico\importLookNacionalHistory.js:292:17)

[LOOK] 180/1503 ÔÇö importando 2022-12-03
[ERRO] LOOK 2022-12-03
Error: Par├ómetro "lotteryKey" inv├ílida: LOOK
    at runImport (C:\Users\glaub\palpitaco\backend\scripts\importKingApostas.js:1331:11)
    at main (C:\Users\glaub\palpitaco\tmp\look_nacional_historico\importLookNacionalHistory.js:292:17)

[LOOK] 181/1503 ÔÇö importando 2022-12-04
[ERRO] LOOK 2022-12-04
Error: Par├ómetro "lotteryKey" inv├ílida: LOOK
    at runImport (C:\Users\glaub\palpitaco\backend\scripts\importKingApostas.js:1331:11)
    at main (C:\Users\glaub\palpitaco\tmp\look_nacional_historico\importLookNacionalHistory.js:292:17)

[LOOK] 182/1503 ÔÇö importando 2022-12-05
[ERRO] LOOK 2022-12-05
Error: Par├ómetro "lotteryKey" inv├ílida: LOOK
    at runImport (C:\Users\glaub\palpitaco\backend\scripts\importKingApostas.js:1331:11)
    at main (C:\Users\glaub\palpitaco\tmp\look_nacional_historico\importLookNacionalHistory.js:292:17)

[LOOK] 183/1503 ÔÇö importando 2022-12-06
[ERRO] LOOK 2022-12-06
Error: Par├ómetro "lotteryKey" inv├ílida: LOOK
    at runImport (C:\Users\glaub\palpitaco\backend\scripts\importKingApostas.js:1331:11)
    at main (C:\Users\glaub\palpitaco\tmp\look_nacional_historico\importLookNacionalHistory.js:292:17)

[LOOK] 184/1503 ÔÇö importando 2022-12-07
[ERRO] LOOK 2022-12-07
Error: Par├ómetro "lotteryKey" inv├ílida: LOOK
    at runImport (C:\Users\glaub\palpitaco\backend\scripts\importKingApostas.js:1331:11)
    at main (C:\Users\glaub\palpitaco\tmp\look_nacional_historico\importLookNacionalHistory.js:292:17)

[LOOK] 185/1503 ÔÇö importando 2022-12-08
[ERRO] LOOK 2022-12-08
Error: Par├ómetro "lotteryKey" inv├ílida: LOOK
    at runImport (C:\Users\glaub\palpitaco\backend\scripts\importKingApostas.js:1331:11)
    at main (C:\Users\glaub\palpitaco\tmp\look_nacional_historico\importLookNacionalHistory.js:292:17)

[LOOK] 186/1503 ÔÇö importando 2022-12-09
[ERRO] LOOK 2022-12-09
Error: Par├ómetro "lotteryKey" inv├ílida: LOOK
    at runImport (C:\Users\glaub\palpitaco\backend\scripts\importKingApostas.js:1331:11)
    at main (C:\Users\glaub\palpitaco\tmp\look_nacional_historico\importLookNacionalHistory.js:292:17)

[LOOK] 187/1503 ÔÇö importando 2022-12-10
[ERRO] LOOK 2022-12-10
Error: Par├ómetro "lotteryKey" inv├ílida: LOOK
    at runImport (C:\Users\glaub\palpitaco\backend\scripts\importKingApostas.js:1331:11)
    at main (C:\Users\glaub\palpitaco\tmp\look_nacional_historico\importLookNacionalHistory.js:292:17)

[LOOK] 188/1503 ÔÇö importando 2022-12-11
[ERRO] LOOK 2022-12-11
Error: Par├ómetro "lotteryKey" inv├ílida: LOOK
    at runImport (C:\Users\glaub\palpitaco\backend\scripts\importKingApostas.js:1331:11)
    at main (C:\Users\glaub\palpitaco\tmp\look_nacional_historico\importLookNacionalHistory.js:292:17)

[LOOK] 189/1503 ÔÇö importando 2022-12-12
[ERRO] LOOK 2022-12-12
Error: Par├ómetro "lotteryKey" inv├ílida: LOOK
    at runImport (C:\Users\glaub\palpitaco\backend\scripts\importKingApostas.js:1331:11)
    at main (C:\Users\glaub\palpitaco\tmp\look_nacional_historico\importLookNacionalHistory.js:292:17)

[LOOK] 190/1503 ÔÇö importando 2022-12-13
[ERRO] LOOK 2022-12-13
Error: Par├ómetro "lotteryKey" inv├ílida: LOOK
    at runImport (C:\Users\glaub\palpitaco\backend\scripts\importKingApostas.js:1331:11)
    at main (C:\Users\glaub\palpitaco\tmp\look_nacional_historico\importLookNacionalHistory.js:292:17)

[LOOK] 191/1503 ÔÇö importando 2022-12-14
[ERRO] LOOK 2022-12-14
Error: Par├ómetro "lotteryKey" inv├ílida: LOOK
    at runImport (C:\Users\glaub\palpitaco\backend\scripts\importKingApostas.js:1331:11)
    at main (C:\Users\glaub\palpitaco\tmp\look_nacional_historico\importLookNacionalHistory.js:292:17)

[LOOK] 192/1503 ÔÇö importando 2022-12-15
[ERRO] LOOK 2022-12-15
Error: Par├ómetro "lotteryKey" inv├ílida: LOOK
    at runImport (C:\Users\glaub\palpitaco\backend\scripts\importKingApostas.js:1331:11)
    at main (C:\Users\glaub\palpitaco\tmp\look_nacional_historico\importLookNacionalHistory.js:292:17)

[LOOK] 193/1503 ÔÇö importando 2022-12-16
[ERRO] LOOK 2022-12-16
Error: Par├ómetro "lotteryKey" inv├ílida: LOOK
    at runImport (C:\Users\glaub\palpitaco\backend\scripts\importKingApostas.js:1331:11)
    at main (C:\Users\glaub\palpitaco\tmp\look_nacional_historico\importLookNacionalHistory.js:292:17)

[LOOK] 194/1503 ÔÇö importando 2022-12-17
[ERRO] LOOK 2022-12-17
Error: Par├ómetro "lotteryKey" inv├ílida: LOOK
    at runImport (C:\Users\glaub\palpitaco\backend\scripts\importKingApostas.js:1331:11)
    at main (C:\Users\glaub\palpitaco\tmp\look_nacional_historico\importLookNacionalHistory.js:292:17)

[LOOK] 195/1503 ÔÇö importando 2022-12-18
[ERRO] LOOK 2022-12-18
Error: Par├ómetro "lotteryKey" inv├ílida: LOOK
    at runImport (C:\Users\glaub\palpitaco\backend\scripts\importKingApostas.js:1331:11)
    at main (C:\Users\glaub\palpitaco\tmp\look_nacional_historico\importLookNacionalHistory.js:292:17)

[LOOK] 196/1503 ÔÇö importando 2022-12-19
[ERRO] LOOK 2022-12-19
Error: Par├ómetro "lotteryKey" inv├ílida: LOOK
    at runImport (C:\Users\glaub\palpitaco\backend\scripts\importKingApostas.js:1331:11)
    at main (C:\Users\glaub\palpitaco\tmp\look_nacional_historico\importLookNacionalHistory.js:292:17)

[LOOK] 197/1503 ÔÇö importando 2022-12-20
[ERRO] LOOK 2022-12-20
Error: Par├ómetro "lotteryKey" inv├ílida: LOOK
    at runImport (C:\Users\glaub\palpitaco\backend\scripts\importKingApostas.js:1331:11)
    at main (C:\Users\glaub\palpitaco\tmp\look_nacional_historico\importLookNacionalHistory.js:292:17)

[LOOK] 198/1503 ÔÇö importando 2022-12-21
[ERRO] LOOK 2022-12-21
Error: Par├ómetro "lotteryKey" inv├ílida: LOOK
    at runImport (C:\Users\glaub\palpitaco\backend\scripts\importKingApostas.js:1331:11)
    at main (C:\Users\glaub\palpitaco\tmp\look_nacional_historico\importLookNacionalHistory.js:292:17)

[LOOK] 199/1503 ÔÇö importando 2022-12-22
[ERRO] LOOK 2022-12-22
Error: Par├ómetro "lotteryKey" inv├ílida: LOOK
    at runImport (C:\Users\glaub\palpitaco\backend\scripts\importKingApostas.js:1331:11)
    at main (C:\Users\glaub\palpitaco\tmp\look_nacional_historico\importLookNacionalHistory.js:292:17)

[LOOK] 200/1503 ÔÇö importando 2022-12-23
[ERRO] LOOK 2022-12-23
Error: Par├ómetro "lotteryKey" inv├ílida: LOOK
    at runImport (C:\Users\glaub\palpitaco\backend\scripts\importKingApostas.js:1331:11)
    at main (C:\Users\glaub\palpitaco\tmp\look_nacional_historico\importLookNacionalHistory.js:292:17)

[LOOK] 201/1503 ÔÇö importando 2022-12-24
[ERRO] LOOK 2022-12-24
Error: Par├ómetro "lotteryKey" inv├ílida: LOOK
    at runImport (C:\Users\glaub\palpitaco\backend\scripts\importKingApostas.js:1331:11)
    at main (C:\Users\glaub\palpitaco\tmp\look_nacional_historico\importLookNacionalHistory.js:292:17)

[LOOK] 202/1503 ÔÇö importando 2022-12-25
[ERRO] LOOK 2022-12-25
Error: Par├ómetro "lotteryKey" inv├ílida: LOOK
    at runImport (C:\Users\glaub\palpitaco\backend\scripts\importKingApostas.js:1331:11)
    at main (C:\Users\glaub\palpitaco\tmp\look_nacional_historico\importLookNacionalHistory.js:292:17)

[LOOK] 203/1503 ÔÇö importando 2022-12-26
[ERRO] LOOK 2022-12-26
Error: Par├ómetro "lotteryKey" inv├ílida: LOOK
    at runImport (C:\Users\glaub\palpitaco\backend\scripts\importKingApostas.js:1331:11)
    at main (C:\Users\glaub\palpitaco\tmp\look_nacional_historico\importLookNacionalHistory.js:292:17)

[LOOK] 204/1503 ÔÇö importando 2022-12-27
[ERRO] LOOK 2022-12-27
Error: Par├ómetro "lotteryKey" inv├ílida: LOOK
    at runImport (C:\Users\glaub\palpitaco\backend\scripts\importKingApostas.js:1331:11)
    at main (C:\Users\glaub\palpitaco\tmp\look_nacional_historico\importLookNacionalHistory.js:292:17)

[LOOK] 205/1503 ÔÇö importando 2022-12-28
[ERRO] LOOK 2022-12-28
Error: Par├ómetro "lotteryKey" inv├ílida: LOOK
    at runImport (C:\Users\glaub\palpitaco\backend\scripts\importKingApostas.js:1331:11)
    at main (C:\Users\glaub\palpitaco\tmp\look_nacional_historico\importLookNacionalHistory.js:292:17)

[LOOK] 206/1503 ÔÇö importando 2022-12-29
[ERRO] LOOK 2022-12-29
Error: Par├ómetro "lotteryKey" inv├ílida: LOOK
    at runImport (C:\Users\glaub\palpitaco\backend\scripts\importKingApostas.js:1331:11)
    at main (C:\Users\glaub\palpitaco\tmp\look_nacional_historico\importLookNacionalHistory.js:292:17)

[LOOK] 207/1503 ÔÇö importando 2022-12-30
[ERRO] LOOK 2022-12-30
Error: Par├ómetro "lotteryKey" inv├ílida: LOOK
    at runImport (C:\Users\glaub\palpitaco\backend\scripts\importKingApostas.js:1331:11)
    at main (C:\Users\glaub\palpitaco\tmp\look_nacional_historico\importLookNacionalHistory.js:292:17)

[LOOK] 208/1503 ÔÇö importando 2022-12-31
[ERRO] LOOK 2022-12-31
Error: Par├ómetro "lotteryKey" inv├ílida: LOOK
    at runImport (C:\Users\glaub\palpitaco\backend\scripts\importKingApostas.js:1331:11)
    at main (C:\Users\glaub\palpitaco\tmp\look_nacional_historico\importLookNacionalHistory.js:292:17)

[LOOK] 209/1503 ÔÇö importando 2023-01-01
[ERRO] LOOK 2023-01-01
Error: Par├ómetro "lotteryKey" inv├ílida: LOOK
    at runImport (C:\Users\glaub\palpitaco\backend\scripts\importKingApostas.js:1331:11)
    at main (C:\Users\glaub\palpitaco\tmp\look_nacional_historico\importLookNacionalHistory.js:292:17)

[LOOK] 210/1503 ÔÇö importando 2023-01-02
[ERRO] LOOK 2023-01-02
Error: Par├ómetro "lotteryKey" inv├ílida: LOOK
    at runImport (C:\Users\glaub\palpitaco\backend\scripts\importKingApostas.js:1331:11)
    at main (C:\Users\glaub\palpitaco\tmp\look_nacional_historico\importLookNacionalHistory.js:292:17)

[LOOK] 211/1503 ÔÇö importando 2023-01-03
[ERRO] LOOK 2023-01-03
Error: Par├ómetro "lotteryKey" inv├ílida: LOOK
    at runImport (C:\Users\glaub\palpitaco\backend\scripts\importKingApostas.js:1331:11)
    at main (C:\Users\glaub\palpitaco\tmp\look_nacional_historico\importLookNacionalHistory.js:292:17)

[LOOK] 212/1503 ÔÇö importando 2023-01-04
[ERRO] LOOK 2023-01-04
Error: Par├ómetro "lotteryKey" inv├ílida: LOOK
    at runImport (C:\Users\glaub\palpitaco\backend\scripts\importKingApostas.js:1331:11)
    at main (C:\Users\glaub\palpitaco\tmp\look_nacional_historico\importLookNacionalHistory.js:292:17)

[LOOK] 213/1503 ÔÇö importando 2023-01-05
[ERRO] LOOK 2023-01-05
Error: Par├ómetro "lotteryKey" inv├ílida: LOOK
    at runImport (C:\Users\glaub\palpitaco\backend\scripts\importKingApostas.js:1331:11)
    at main (C:\Users\glaub\palpitaco\tmp\look_nacional_historico\importLookNacionalHistory.js:292:17)

[LOOK] 214/1503 ÔÇö importando 2023-01-06
[ERRO] LOOK 2023-01-06
Error: Par├ómetro "lotteryKey" inv├ílida: LOOK
    at runImport (C:\Users\glaub\palpitaco\backend\scripts\importKingApostas.js:1331:11)
    at main (C:\Users\glaub\palpitaco\tmp\look_nacional_historico\importLookNacionalHistory.js:292:17)

[LOOK] 215/1503 ÔÇö importando 2023-01-07
[ERRO] LOOK 2023-01-07
Error: Par├ómetro "lotteryKey" inv├ílida: LOOK
    at runImport (C:\Users\glaub\palpitaco\backend\scripts\importKingApostas.js:1331:11)
    at main (C:\Users\glaub\palpitaco\tmp\look_nacional_historico\importLookNacionalHistory.js:292:17)

[LOOK] 216/1503 ÔÇö importando 2023-01-08
[ERRO] LOOK 2023-01-08
Error: Par├ómetro "lotteryKey" inv├ílida: LOOK
    at runImport (C:\Users\glaub\palpitaco\backend\scripts\importKingApostas.js:1331:11)
    at main (C:\Users\glaub\palpitaco\tmp\look_nacional_historico\importLookNacionalHistory.js:292:17)

[LOOK] 217/1503 ÔÇö importando 2023-01-09
[ERRO] LOOK 2023-01-09
Error: Par├ómetro "lotteryKey" inv├ílida: LOOK
    at runImport (C:\Users\glaub\palpitaco\backend\scripts\importKingApostas.js:1331:11)
    at main (C:\Users\glaub\palpitaco\tmp\look_nacional_historico\importLookNacionalHistory.js:292:17)

[LOOK] 218/1503 ÔÇö importando 2023-01-10
[ERRO] LOOK 2023-01-10
Error: Par├ómetro "lotteryKey" inv├ílida: LOOK
    at runImport (C:\Users\glaub\palpitaco\backend\scripts\importKingApostas.js:1331:11)
    at main (C:\Users\glaub\palpitaco\tmp\look_nacional_historico\importLookNacionalHistory.js:292:17)

[LOOK] 219/1503 ÔÇö importando 2023-01-11
[ERRO] LOOK 2023-01-11
Error: Par├ómetro "lotteryKey" inv├ílida: LOOK
    at runImport (C:\Users\glaub\palpitaco\backend\scripts\importKingApostas.js:1331:11)
    at main (C:\Users\glaub\palpitaco\tmp\look_nacional_historico\importLookNacionalHistory.js:292:17)

[LOOK] 220/1503 ÔÇö importando 2023-01-12
[ERRO] LOOK 2023-01-12
Error: Par├ómetro "lotteryKey" inv├ílida: LOOK
    at runImport (C:\Users\glaub\palpitaco\backend\scripts\importKingApostas.js:1331:11)
    at main (C:\Users\glaub\palpitaco\tmp\look_nacional_historico\importLookNacionalHistory.js:292:17)

[LOOK] 221/1503 ÔÇö importando 2023-01-13
[ERRO] LOOK 2023-01-13
Error: Par├ómetro "lotteryKey" inv├ílida: LOOK
    at runImport (C:\Users\glaub\palpitaco\backend\scripts\importKingApostas.js:1331:11)
    at main (C:\Users\glaub\palpitaco\tmp\look_nacional_historico\importLookNacionalHistory.js:292:17)

[LOOK] 222/1503 ÔÇö importando 2023-01-14
[ERRO] LOOK 2023-01-14
Error: Par├ómetro "lotteryKey" inv├ílida: LOOK
    at runImport (C:\Users\glaub\palpitaco\backend\scripts\importKingApostas.js:1331:11)
    at main (C:\Users\glaub\palpitaco\tmp\look_nacional_historico\importLookNacionalHistory.js:292:17)

[LOOK] 223/1503 ÔÇö importando 2023-01-15
[ERRO] LOOK 2023-01-15
Error: Par├ómetro "lotteryKey" inv├ílida: LOOK
    at runImport (C:\Users\glaub\palpitaco\backend\scripts\importKingApostas.js:1331:11)
    at main (C:\Users\glaub\palpitaco\tmp\look_nacional_historico\importLookNacionalHistory.js:292:17)

[LOOK] 224/1503 ÔÇö importando 2023-01-16
[ERRO] LOOK 2023-01-16
Error: Par├ómetro "lotteryKey" inv├ílida: LOOK
    at runImport (C:\Users\glaub\palpitaco\backend\scripts\importKingApostas.js:1331:11)
    at main (C:\Users\glaub\palpitaco\tmp\look_nacional_historico\importLookNacionalHistory.js:292:17)

[LOOK] 225/1503 ÔÇö importando 2023-01-17
[ERRO] LOOK 2023-01-17
Error: Par├ómetro "lotteryKey" inv├ílida: LOOK
    at runImport (C:\Users\glaub\palpitaco\backend\scripts\importKingApostas.js:1331:11)
    at main (C:\Users\glaub\palpitaco\tmp\look_nacional_historico\importLookNacionalHistory.js:292:17)

[LOOK] 226/1503 ÔÇö importando 2023-01-18
[ERRO] LOOK 2023-01-18
Error: Par├ómetro "lotteryKey" inv├ílida: LOOK
    at runImport (C:\Users\glaub\palpitaco\backend\scripts\importKingApostas.js:1331:11)
    at main (C:\Users\glaub\palpitaco\tmp\look_nacional_historico\importLookNacionalHistory.js:292:17)

[LOOK] 227/1503 ÔÇö importando 2023-01-19
[ERRO] LOOK 2023-01-19
Error: Par├ómetro "lotteryKey" inv├ílida: LOOK
    at runImport (C:\Users\glaub\palpitaco\backend\scripts\importKingApostas.js:1331:11)
    at main (C:\Users\glaub\palpitaco\tmp\look_nacional_historico\importLookNacionalHistory.js:292:17)

[LOOK] 228/1503 ÔÇö importando 2023-01-20
[ERRO] LOOK 2023-01-20
Error: Par├ómetro "lotteryKey" inv├ílida: LOOK
    at runImport (C:\Users\glaub\palpitaco\backend\scripts\importKingApostas.js:1331:11)
    at main (C:\Users\glaub\palpitaco\tmp\look_nacional_historico\importLookNacionalHistory.js:292:17)

[LOOK] 229/1503 ÔÇö importando 2023-01-21
[ERRO] LOOK 2023-01-21
Error: Par├ómetro "lotteryKey" inv├ílida: LOOK
    at runImport (C:\Users\glaub\palpitaco\backend\scripts\importKingApostas.js:1331:11)
    at main (C:\Users\glaub\palpitaco\tmp\look_nacional_historico\importLookNacionalHistory.js:292:17)

[LOOK] 230/1503 ÔÇö importando 2023-01-22
[ERRO] LOOK 2023-01-22
Error: Par├ómetro "lotteryKey" inv├ílida: LOOK
    at runImport (C:\Users\glaub\palpitaco\backend\scripts\importKingApostas.js:1331:11)
    at main (C:\Users\glaub\palpitaco\tmp\look_nacional_historico\importLookNacionalHistory.js:292:17)

[LOOK] 231/1503 ÔÇö importando 2023-01-23
[ERRO] LOOK 2023-01-23
Error: Par├ómetro "lotteryKey" inv├ílida: LOOK
    at runImport (C:\Users\glaub\palpitaco\backend\scripts\importKingApostas.js:1331:11)
    at main (C:\Users\glaub\palpitaco\tmp\look_nacional_historico\importLookNacionalHistory.js:292:17)

[LOOK] 232/1503 ÔÇö importando 2023-01-24
[ERRO] LOOK 2023-01-24
Error: Par├ómetro "lotteryKey" inv├ílida: LOOK
    at runImport (C:\Users\glaub\palpitaco\backend\scripts\importKingApostas.js:1331:11)
    at main (C:\Users\glaub\palpitaco\tmp\look_nacional_historico\importLookNacionalHistory.js:292:17)

[LOOK] 233/1503 ÔÇö importando 2023-01-25
[ERRO] LOOK 2023-01-25
Error: Par├ómetro "lotteryKey" inv├ílida: LOOK
    at runImport (C:\Users\glaub\palpitaco\backend\scripts\importKingApostas.js:1331:11)
    at main (C:\Users\glaub\palpitaco\tmp\look_nacional_historico\importLookNacionalHistory.js:292:17)

[LOOK] 234/1503 ÔÇö importando 2023-01-26
[ERRO] LOOK 2023-01-26
Error: Par├ómetro "lotteryKey" inv├ílida: LOOK
    at runImport (C:\Users\glaub\palpitaco\backend\scripts\importKingApostas.js:1331:11)
    at main (C:\Users\glaub\palpitaco\tmp\look_nacional_historico\importLookNacionalHistory.js:292:17)

[LOOK] 235/1503 ÔÇö importando 2023-01-27
[ERRO] LOOK 2023-01-27
Error: Par├ómetro "lotteryKey" inv├ílida: LOOK
    at runImport (C:\Users\glaub\palpitaco\backend\scripts\importKingApostas.js:1331:11)
    at main (C:\Users\glaub\palpitaco\tmp\look_nacional_historico\importLookNacionalHistory.js:292:17)

[LOOK] 236/1503 ÔÇö importando 2023-01-28
[ERRO] LOOK 2023-01-28
Error: Par├ómetro "lotteryKey" inv├ílida: LOOK
    at runImport (C:\Users\glaub\palpitaco\backend\scripts\importKingApostas.js:1331:11)
    at main (C:\Users\glaub\palpitaco\tmp\look_nacional_historico\importLookNacionalHistory.js:292:17)

[LOOK] 237/1503 ÔÇö importando 2023-01-29
[ERRO] LOOK 2023-01-29
Error: Par├ómetro "lotteryKey" inv├ílida: LOOK
    at runImport (C:\Users\glaub\palpitaco\backend\scripts\importKingApostas.js:1331:11)
    at main (C:\Users\glaub\palpitaco\tmp\look_nacional_historico\importLookNacionalHistory.js:292:17)

[LOOK] 238/1503 ÔÇö importando 2023-01-30
[ERRO] LOOK 2023-01-30
Error: Par├ómetro "lotteryKey" inv├ílida: LOOK
    at runImport (C:\Users\glaub\palpitaco\backend\scripts\importKingApostas.js:1331:11)
    at main (C:\Users\glaub\palpitaco\tmp\look_nacional_historico\importLookNacionalHistory.js:292:17)

[LOOK] 239/1503 ÔÇö importando 2023-01-31
[ERRO] LOOK 2023-01-31
Error: Par├ómetro "lotteryKey" inv├ílida: LOOK
    at runImport (C:\Users\glaub\palpitaco\backend\scripts\importKingApostas.js:1331:11)
    at main (C:\Users\glaub\palpitaco\tmp\look_nacional_historico\importLookNacionalHistory.js:292:17)

[LOOK] 240/1503 ÔÇö importando 2023-02-01
[ERRO] LOOK 2023-02-01
Error: Par├ómetro "lotteryKey" inv├ílida: LOOK
    at runImport (C:\Users\glaub\palpitaco\backend\scripts\importKingApostas.js:1331:11)
    at main (C:\Users\glaub\palpitaco\tmp\look_nacional_historico\importLookNacionalHistory.js:292:17)

[LOOK] 241/1503 ÔÇö importando 2023-02-02
[ERRO] LOOK 2023-02-02
Error: Par├ómetro "lotteryKey" inv├ílida: LOOK
    at runImport (C:\Users\glaub\palpitaco\backend\scripts\importKingApostas.js:1331:11)
    at main (C:\Users\glaub\palpitaco\tmp\look_nacional_historico\importLookNacionalHistory.js:292:17)

[LOOK] 242/1503 ÔÇö importando 2023-02-03
[ERRO] LOOK 2023-02-03
Error: Par├ómetro "lotteryKey" inv├ílida: LOOK
    at runImport (C:\Users\glaub\palpitaco\backend\scripts\importKingApostas.js:1331:11)
    at main (C:\Users\glaub\palpitaco\tmp\look_nacional_historico\importLookNacionalHistory.js:292:17)

[LOOK] 243/1503 ÔÇö importando 2023-02-04
[ERRO] LOOK 2023-02-04
Error: Par├ómetro "lotteryKey" inv├ílida: LOOK
    at runImport (C:\Users\glaub\palpitaco\backend\scripts\importKingApostas.js:1331:11)
    at main (C:\Users\glaub\palpitaco\tmp\look_nacional_historico\importLookNacionalHistory.js:292:17)

[LOOK] 244/1503 ÔÇö importando 2023-02-05
[ERRO] LOOK 2023-02-05
Error: Par├ómetro "lotteryKey" inv├ílida: LOOK
    at runImport (C:\Users\glaub\palpitaco\backend\scripts\importKingApostas.js:1331:11)
    at main (C:\Users\glaub\palpitaco\tmp\look_nacional_historico\importLookNacionalHistory.js:292:17)

[LOOK] 245/1503 ÔÇö importando 2023-02-06
[ERRO] LOOK 2023-02-06
Error: Par├ómetro "lotteryKey" inv├ílida: LOOK
    at runImport (C:\Users\glaub\palpitaco\backend\scripts\importKingApostas.js:1331:11)
    at main (C:\Users\glaub\palpitaco\tmp\look_nacional_historico\importLookNacionalHistory.js:292:17)

[LOOK] 246/1503 ÔÇö importando 2023-02-07
[ERRO] LOOK 2023-02-07
Error: Par├ómetro "lotteryKey" inv├ílida: LOOK
    at runImport (C:\Users\glaub\palpitaco\backend\scripts\importKingApostas.js:1331:11)
    at main (C:\Users\glaub\palpitaco\tmp\look_nacional_historico\importLookNacionalHistory.js:292:17)

[LOOK] 247/1503 ÔÇö importando 2023-02-08
[ERRO] LOOK 2023-02-08
Error: Par├ómetro "lotteryKey" inv├ílida: LOOK
    at runImport (C:\Users\glaub\palpitaco\backend\scripts\importKingApostas.js:1331:11)
    at main (C:\Users\glaub\palpitaco\tmp\look_nacional_historico\importLookNacionalHistory.js:292:17)

[LOOK] 248/1503 ÔÇö importando 2023-02-09
[ERRO] LOOK 2023-02-09
Error: Par├ómetro "lotteryKey" inv├ílida: LOOK
    at runImport (C:\Users\glaub\palpitaco\backend\scripts\importKingApostas.js:1331:11)
    at main (C:\Users\glaub\palpitaco\tmp\look_nacional_historico\importLookNacionalHistory.js:292:17)

[LOOK] 249/1503 ÔÇö importando 2023-02-10
[ERRO] LOOK 2023-02-10
Error: Par├ómetro "lotteryKey" inv├ílida: LOOK
    at runImport (C:\Users\glaub\palpitaco\backend\scripts\importKingApostas.js:1331:11)
    at main (C:\Users\glaub\palpitaco\tmp\look_nacional_historico\importLookNacionalHistory.js:292:17)

[LOOK] 250/1503 ÔÇö importando 2023-02-11
[ERRO] LOOK 2023-02-11
Error: Par├ómetro "lotteryKey" inv├ílida: LOOK
    at runImport (C:\Users\glaub\palpitaco\backend\scripts\importKingApostas.js:1331:11)
    at main (C:\Users\glaub\palpitaco\tmp\look_nacional_historico\importLookNacionalHistory.js:292:17)

[ERRO] LOOK 2023-02-12
[LOOK] 251/1503 ÔÇö importando 2023-02-12
Error: Par├ómetro "lotteryKey" inv├ílida: LOOK
    at runImport (C:\Users\glaub\palpitaco\backend\scripts\importKingApostas.js:1331:11)
    at main (C:\Users\glaub\palpitaco\tmp\look_nacional_historico\importLookNacionalHistory.js:292:17)

[LOOK] 252/1503 ÔÇö importando 2023-02-13
[ERRO] LOOK 2023-02-13
Error: Par├ómetro "lotteryKey" inv├ílida: LOOK
    at runImport (C:\Users\glaub\palpitaco\backend\scripts\importKingApostas.js:1331:11)
    at main (C:\Users\glaub\palpitaco\tmp\look_nacional_historico\importLookNacionalHistory.js:292:17)

[LOOK] 253/1503 ÔÇö importando 2023-02-14
[ERRO] LOOK 2023-02-14
Error: Par├ómetro "lotteryKey" inv├ílida: LOOK
    at runImport (C:\Users\glaub\palpitaco\backend\scripts\importKingApostas.js:1331:11)
    at main (C:\Users\glaub\palpitaco\tmp\look_nacional_historico\importLookNacionalHistory.js:292:17)

[LOOK] 254/1503 ÔÇö importando 2023-02-15
[ERRO] LOOK 2023-02-15
Error: Par├ómetro "lotteryKey" inv├ílida: LOOK
    at runImport (C:\Users\glaub\palpitaco\backend\scripts\importKingApostas.js:1331:11)
    at main (C:\Users\glaub\palpitaco\tmp\look_nacional_historico\importLookNacionalHistory.js:292:17)

[LOOK] 255/1503 ÔÇö importando 2023-02-16
[ERRO] LOOK 2023-02-16
Error: Par├ómetro "lotteryKey" inv├ílida: LOOK
    at runImport (C:\Users\glaub\palpitaco\backend\scripts\importKingApostas.js:1331:11)
    at main (C:\Users\glaub\palpitaco\tmp\look_nacional_historico\importLookNacionalHistory.js:292:17)

[LOOK] 256/1503 ÔÇö importando 2023-02-17
[ERRO] LOOK 2023-02-17
Error: Par├ómetro "lotteryKey" inv├ílida: LOOK
    at runImport (C:\Users\glaub\palpitaco\backend\scripts\importKingApostas.js:1331:11)
    at main (C:\Users\glaub\palpitaco\tmp\look_nacional_historico\importLookNacionalHistory.js:292:17)

[LOOK] 257/1503 ÔÇö importando 2023-02-18
[ERRO] LOOK 2023-02-18
Error: Par├ómetro "lotteryKey" inv├ílida: LOOK
    at runImport (C:\Users\glaub\palpitaco\backend\scripts\importKingApostas.js:1331:11)
    at main (C:\Users\glaub\palpitaco\tmp\look_nacional_historico\importLookNacionalHistory.js:292:17)

[LOOK] 258/1503 ÔÇö importando 2023-02-19
[ERRO] LOOK 2023-02-19
Error: Par├ómetro "lotteryKey" inv├ílida: LOOK
    at runImport (C:\Users\glaub\palpitaco\backend\scripts\importKingApostas.js:1331:11)
    at main (C:\Users\glaub\palpitaco\tmp\look_nacional_historico\importLookNacionalHistory.js:292:17)

[LOOK] 259/1503 ÔÇö importando 2023-02-20
[ERRO] LOOK 2023-02-20
Error: Par├ómetro "lotteryKey" inv├ílida: LOOK
    at runImport (C:\Users\glaub\palpitaco\backend\scripts\importKingApostas.js:1331:11)
    at main (C:\Users\glaub\palpitaco\tmp\look_nacional_historico\importLookNacionalHistory.js:292:17)

[LOOK] 260/1503 ÔÇö importando 2023-02-21
[ERRO] LOOK 2023-02-21
Error: Par├ómetro "lotteryKey" inv├ílida: LOOK
    at runImport (C:\Users\glaub\palpitaco\backend\scripts\importKingApostas.js:1331:11)
    at main (C:\Users\glaub\palpitaco\tmp\look_nacional_historico\importLookNacionalHistory.js:292:17)

[LOOK] 261/1503 ÔÇö importando 2023-02-22
[ERRO] LOOK 2023-02-22
Error: Par├ómetro "lotteryKey" inv├ílida: LOOK
    at runImport (C:\Users\glaub\palpitaco\backend\scripts\importKingApostas.js:1331:11)
    at main (C:\Users\glaub\palpitaco\tmp\look_nacional_historico\importLookNacionalHistory.js:292:17)

[LOOK] 262/1503 ÔÇö importando 2023-02-23
[ERRO] LOOK 2023-02-23
Error: Par├ómetro "lotteryKey" inv├ílida: LOOK
    at runImport (C:\Users\glaub\palpitaco\backend\scripts\importKingApostas.js:1331:11)
    at main (C:\Users\glaub\palpitaco\tmp\look_nacional_historico\importLookNacionalHistory.js:292:17)

[LOOK] 263/1503 ÔÇö importando 2023-02-24
[ERRO] LOOK 2023-02-24
Error: Par├ómetro "lotteryKey" inv├ílida: LOOK
    at runImport (C:\Users\glaub\palpitaco\backend\scripts\importKingApostas.js:1331:11)
    at main (C:\Users\glaub\palpitaco\tmp\look_nacional_historico\importLookNacionalHistory.js:292:17)

[LOOK] 264/1503 ÔÇö importando 2023-02-25
[ERRO] LOOK 2023-02-25
Error: Par├ómetro "lotteryKey" inv├ílida: LOOK
    at runImport (C:\Users\glaub\palpitaco\backend\scripts\importKingApostas.js:1331:11)
    at main (C:\Users\glaub\palpitaco\tmp\look_nacional_historico\importLookNacionalHistory.js:292:17)

[LOOK] 265/1503 ÔÇö importando 2023-02-26
[ERRO] LOOK 2023-02-26
Error: Par├ómetro "lotteryKey" inv├ílida: LOOK
    at runImport (C:\Users\glaub\palpitaco\backend\scripts\importKingApostas.js:1331:11)
    at main (C:\Users\glaub\palpitaco\tmp\look_nacional_historico\importLookNacionalHistory.js:292:17)

[LOOK] 266/1503 ÔÇö importando 2023-02-27
[ERRO] LOOK 2023-02-27
Error: Par├ómetro "lotteryKey" inv├ílida: LOOK
    at runImport (C:\Users\glaub\palpitaco\backend\scripts\importKingApostas.js:1331:11)
    at main (C:\Users\glaub\palpitaco\tmp\look_nacional_historico\importLookNacionalHistory.js:292:17)

[LOOK] 267/1503 ÔÇö importando 2023-02-28
[ERRO] LOOK 2023-02-28
Error: Par├ómetro "lotteryKey" inv├ílida: LOOK
    at runImport (C:\Users\glaub\palpitaco\backend\scripts\importKingApostas.js:1331:11)
    at main (C:\Users\glaub\palpitaco\tmp\look_nacional_historico\importLookNacionalHistory.js:292:17)

[LOOK] 268/1503 ÔÇö importando 2023-03-01
[ERRO] LOOK 2023-03-01
Error: Par├ómetro "lotteryKey" inv├ílida: LOOK
    at runImport (C:\Users\glaub\palpitaco\backend\scripts\importKingApostas.js:1331:11)
    at main (C:\Users\glaub\palpitaco\tmp\look_nacional_historico\importLookNacionalHistory.js:292:17)

[LOOK] 269/1503 ÔÇö importando 2023-03-02
[ERRO] LOOK 2023-03-02
Error: Par├ómetro "lotteryKey" inv├ílida: LOOK
    at runImport (C:\Users\glaub\palpitaco\backend\scripts\importKingApostas.js:1331:11)
    at main (C:\Users\glaub\palpitaco\tmp\look_nacional_historico\importLookNacionalHistory.js:292:17)

[LOOK] 270/1503 ÔÇö importando 2023-03-03
[ERRO] LOOK 2023-03-03
Error: Par├ómetro "lotteryKey" inv├ílida: LOOK
    at runImport (C:\Users\glaub\palpitaco\backend\scripts\importKingApostas.js:1331:11)
    at main (C:\Users\glaub\palpitaco\tmp\look_nacional_historico\importLookNacionalHistory.js:292:17)

[LOOK] 271/1503 ÔÇö importando 2023-03-04
[ERRO] LOOK 2023-03-04
Error: Par├ómetro "lotteryKey" inv├ílida: LOOK
    at runImport (C:\Users\glaub\palpitaco\backend\scripts\importKingApostas.js:1331:11)
    at main (C:\Users\glaub\palpitaco\tmp\look_nacional_historico\importLookNacionalHistory.js:292:17)

[LOOK] 272/1503 ÔÇö importando 2023-03-05
[ERRO] LOOK 2023-03-05
Error: Par├ómetro "lotteryKey" inv├ílida: LOOK
    at runImport (C:\Users\glaub\palpitaco\backend\scripts\importKingApostas.js:1331:11)
    at main (C:\Users\glaub\palpitaco\tmp\look_nacional_historico\importLookNacionalHistory.js:292:17)

[LOOK] 273/1503 ÔÇö importando 2023-03-06
[ERRO] LOOK 2023-03-06
Error: Par├ómetro "lotteryKey" inv├ílida: LOOK
    at runImport (C:\Users\glaub\palpitaco\backend\scripts\importKingApostas.js:1331:11)
    at main (C:\Users\glaub\palpitaco\tmp\look_nacional_historico\importLookNacionalHistory.js:292:17)

[LOOK] 274/1503 ÔÇö importando 2023-03-07
[ERRO] LOOK 2023-03-07
Error: Par├ómetro "lotteryKey" inv├ílida: LOOK
    at runImport (C:\Users\glaub\palpitaco\backend\scripts\importKingApostas.js:1331:11)
    at main (C:\Users\glaub\palpitaco\tmp\look_nacional_historico\importLookNacionalHistory.js:292:17)

[LOOK] 275/1503 ÔÇö importando 2023-03-08
[ERRO] LOOK 2023-03-08
Error: Par├ómetro "lotteryKey" inv├ílida: LOOK
    at runImport (C:\Users\glaub\palpitaco\backend\scripts\importKingApostas.js:1331:11)
    at main (C:\Users\glaub\palpitaco\tmp\look_nacional_historico\importLookNacionalHistory.js:292:17)

[LOOK] 276/1503 ÔÇö importando 2023-03-09
[ERRO] LOOK 2023-03-09
Error: Par├ómetro "lotteryKey" inv├ílida: LOOK
    at runImport (C:\Users\glaub\palpitaco\backend\scripts\importKingApostas.js:1331:11)
    at main (C:\Users\glaub\palpitaco\tmp\look_nacional_historico\importLookNacionalHistory.js:292:17)

[LOOK] 277/1503 ÔÇö importando 2023-03-10
[ERRO] LOOK 2023-03-10
Error: Par├ómetro "lotteryKey" inv├ílida: LOOK
    at runImport (C:\Users\glaub\palpitaco\backend\scripts\importKingApostas.js:1331:11)
    at main (C:\Users\glaub\palpitaco\tmp\look_nacional_historico\importLookNacionalHistory.js:292:17)

[LOOK] 278/1503 ÔÇö importando 2023-03-11
[ERRO] LOOK 2023-03-11
Error: Par├ómetro "lotteryKey" inv├ílida: LOOK
    at runImport (C:\Users\glaub\palpitaco\backend\scripts\importKingApostas.js:1331:11)
    at main (C:\Users\glaub\palpitaco\tmp\look_nacional_historico\importLookNacionalHistory.js:292:17)

[LOOK] 279/1503 ÔÇö importando 2023-03-12
[ERRO] LOOK 2023-03-12
Error: Par├ómetro "lotteryKey" inv├ílida: LOOK
    at runImport (C:\Users\glaub\palpitaco\backend\scripts\importKingApostas.js:1331:11)
    at main (C:\Users\glaub\palpitaco\tmp\look_nacional_historico\importLookNacionalHistory.js:292:17)

[LOOK] 280/1503 ÔÇö importando 2023-03-13
[ERRO] LOOK 2023-03-13
Error: Par├ómetro "lotteryKey" inv├ílida: LOOK
    at runImport (C:\Users\glaub\palpitaco\backend\scripts\importKingApostas.js:1331:11)
    at main (C:\Users\glaub\palpitaco\tmp\look_nacional_historico\importLookNacionalHistory.js:292:17)

[LOOK] 281/1503 ÔÇö importando 2023-03-14
[ERRO] LOOK 2023-03-14
Error: Par├ómetro "lotteryKey" inv├ílida: LOOK
    at runImport (C:\Users\glaub\palpitaco\backend\scripts\importKingApostas.js:1331:11)
    at main (C:\Users\glaub\palpitaco\tmp\look_nacional_historico\importLookNacionalHistory.js:292:17)

[LOOK] 282/1503 ÔÇö importando 2023-03-15
[ERRO] LOOK 2023-03-15
Error: Par├ómetro "lotteryKey" inv├ílida: LOOK
    at runImport (C:\Users\glaub\palpitaco\backend\scripts\importKingApostas.js:1331:11)
    at main (C:\Users\glaub\palpitaco\tmp\look_nacional_historico\importLookNacionalHistory.js:292:17)

[LOOK] 283/1503 ÔÇö importando 2023-03-16
[ERRO] LOOK 2023-03-16
Error: Par├ómetro "lotteryKey" inv├ílida: LOOK
    at runImport (C:\Users\glaub\palpitaco\backend\scripts\importKingApostas.js:1331:11)
    at main (C:\Users\glaub\palpitaco\tmp\look_nacional_historico\importLookNacionalHistory.js:292:17)

[LOOK] 284/1503 ÔÇö importando 2023-03-17
[ERRO] LOOK 2023-03-17
Error: Par├ómetro "lotteryKey" inv├ílida: LOOK
    at runImport (C:\Users\glaub\palpitaco\backend\scripts\importKingApostas.js:1331:11)
    at main (C:\Users\glaub\palpitaco\tmp\look_nacional_historico\importLookNacionalHistory.js:292:17)

[LOOK] 285/1503 ÔÇö importando 2023-03-18
[ERRO] LOOK 2023-03-18
Error: Par├ómetro "lotteryKey" inv├ílida: LOOK
    at runImport (C:\Users\glaub\palpitaco\backend\scripts\importKingApostas.js:1331:11)
    at main (C:\Users\glaub\palpitaco\tmp\look_nacional_historico\importLookNacionalHistory.js:292:17)

[LOOK] 286/1503 ÔÇö importando 2023-03-19
[ERRO] LOOK 2023-03-19
Error: Par├ómetro "lotteryKey" inv├ílida: LOOK
    at runImport (C:\Users\glaub\palpitaco\backend\scripts\importKingApostas.js:1331:11)
    at main (C:\Users\glaub\palpitaco\tmp\look_nacional_historico\importLookNacionalHistory.js:292:17)

[LOOK] 287/1503 ÔÇö importando 2023-03-20
[ERRO] LOOK 2023-03-20
Error: Par├ómetro "lotteryKey" inv├ílida: LOOK
    at runImport (C:\Users\glaub\palpitaco\backend\scripts\importKingApostas.js:1331:11)
    at main (C:\Users\glaub\palpitaco\tmp\look_nacional_historico\importLookNacionalHistory.js:292:17)

[LOOK] 288/1503 ÔÇö importando 2023-03-21
[ERRO] LOOK 2023-03-21
Error: Par├ómetro "lotteryKey" inv├ílida: LOOK
    at runImport (C:\Users\glaub\palpitaco\backend\scripts\importKingApostas.js:1331:11)
    at main (C:\Users\glaub\palpitaco\tmp\look_nacional_historico\importLookNacionalHistory.js:292:17)

[LOOK] 289/1503 ÔÇö importando 2023-03-22
[ERRO] LOOK 2023-03-22
Error: Par├ómetro "lotteryKey" inv├ílida: LOOK
    at runImport (C:\Users\glaub\palpitaco\backend\scripts\importKingApostas.js:1331:11)
    at main (C:\Users\glaub\palpitaco\tmp\look_nacional_historico\importLookNacionalHistory.js:292:17)

[LOOK] 290/1503 ÔÇö importando 2023-03-23
[ERRO] LOOK 2023-03-23
Error: Par├ómetro "lotteryKey" inv├ílida: LOOK
    at runImport (C:\Users\glaub\palpitaco\backend\scripts\importKingApostas.js:1331:11)
    at main (C:\Users\glaub\palpitaco\tmp\look_nacional_historico\importLookNacionalHistory.js:292:17)

[LOOK] 291/1503 ÔÇö importando 2023-03-24
[ERRO] LOOK 2023-03-24
Error: Par├ómetro "lotteryKey" inv├ílida: LOOK
    at runImport (C:\Users\glaub\palpitaco\backend\scripts\importKingApostas.js:1331:11)
    at main (C:\Users\glaub\palpitaco\tmp\look_nacional_historico\importLookNacionalHistory.js:292:17)

[LOOK] 292/1503 ÔÇö importando 2023-03-25
[ERRO] LOOK 2023-03-25
Error: Par├ómetro "lotteryKey" inv├ílida: LOOK
    at runImport (C:\Users\glaub\palpitaco\backend\scripts\importKingApostas.js:1331:11)
    at main (C:\Users\glaub\palpitaco\tmp\look_nacional_historico\importLookNacionalHistory.js:292:17)

[LOOK] 293/1503 ÔÇö importando 2023-03-26
[ERRO] LOOK 2023-03-26
Error: Par├ómetro "lotteryKey" inv├ílida: LOOK
    at runImport (C:\Users\glaub\palpitaco\backend\scripts\importKingApostas.js:1331:11)
    at main (C:\Users\glaub\palpitaco\tmp\look_nacional_historico\importLookNacionalHistory.js:292:17)

[LOOK] 294/1503 ÔÇö importando 2023-03-27
[ERRO] LOOK 2023-03-27
Error: Par├ómetro "lotteryKey" inv├ílida: LOOK
    at runImport (C:\Users\glaub\palpitaco\backend\scripts\importKingApostas.js:1331:11)
    at main (C:\Users\glaub\palpitaco\tmp\look_nacional_historico\importLookNacionalHistory.js:292:17)

[LOOK] 295/1503 ÔÇö importando 2023-03-28
[ERRO] LOOK 2023-03-28
Error: Par├ómetro "lotteryKey" inv├ílida: LOOK
    at runImport (C:\Users\glaub\palpitaco\backend\scripts\importKingApostas.js:1331:11)
    at main (C:\Users\glaub\palpitaco\tmp\look_nacional_historico\importLookNacionalHistory.js:292:17)

[LOOK] 296/1503 ÔÇö importando 2023-03-29
[ERRO] LOOK 2023-03-29
Error: Par├ómetro "lotteryKey" inv├ílida: LOOK
    at runImport (C:\Users\glaub\palpitaco\backend\scripts\importKingApostas.js:1331:11)
    at main (C:\Users\glaub\palpitaco\tmp\look_nacional_historico\importLookNacionalHistory.js:292:17)

[LOOK] 297/1503 ÔÇö importando 2023-03-30
[ERRO] LOOK 2023-03-30
Error: Par├ómetro "lotteryKey" inv├ílida: LOOK
    at runImport (C:\Users\glaub\palpitaco\backend\scripts\importKingApostas.js:1331:11)
    at main (C:\Users\glaub\palpitaco\tmp\look_nacional_historico\importLookNacionalHistory.js:292:17)

[LOOK] 298/1503 ÔÇö importando 2023-03-31
[ERRO] LOOK 2023-03-31
Error: Par├ómetro "lotteryKey" inv├ílida: LOOK
    at runImport (C:\Users\glaub\palpitaco\backend\scripts\importKingApostas.js:1331:11)
    at main (C:\Users\glaub\palpitaco\tmp\look_nacional_historico\importLookNacionalHistory.js:292:17)

[LOOK] 299/1503 ÔÇö importando 2023-04-01
[ERRO] LOOK 2023-04-01
Error: Par├ómetro "lotteryKey" inv├ílida: LOOK
    at runImport (C:\Users\glaub\palpitaco\backend\scripts\importKingApostas.js:1331:11)
    at main (C:\Users\glaub\palpitaco\tmp\look_nacional_historico\importLookNacionalHistory.js:292:17)

[LOOK] 300/1503 ÔÇö importando 2023-04-02
[ERRO] LOOK 2023-04-02
Error: Par├ómetro "lotteryKey" inv├ílida: LOOK
    at runImport (C:\Users\glaub\palpitaco\backend\scripts\importKingApostas.js:1331:11)
    at main (C:\Users\glaub\palpitaco\tmp\look_nacional_historico\importLookNacionalHistory.js:292:17)

[LOOK] 301/1503 ÔÇö importando 2023-04-03
[ERRO] LOOK 2023-04-03
Error: Par├ómetro "lotteryKey" inv├ílida: LOOK
    at runImport (C:\Users\glaub\palpitaco\backend\scripts\importKingApostas.js:1331:11)
    at main (C:\Users\glaub\palpitaco\tmp\look_nacional_historico\importLookNacionalHistory.js:292:17)

[LOOK] 302/1503 ÔÇö importando 2023-04-04
[ERRO] LOOK 2023-04-04
Error: Par├ómetro "lotteryKey" inv├ílida: LOOK
    at runImport (C:\Users\glaub\palpitaco\backend\scripts\importKingApostas.js:1331:11)
    at main (C:\Users\glaub\palpitaco\tmp\look_nacional_historico\importLookNacionalHistory.js:292:17)

[LOOK] 303/1503 ÔÇö importando 2023-04-05
[ERRO] LOOK 2023-04-05
Error: Par├ómetro "lotteryKey" inv├ílida: LOOK
    at runImport (C:\Users\glaub\palpitaco\backend\scripts\importKingApostas.js:1331:11)
    at main (C:\Users\glaub\palpitaco\tmp\look_nacional_historico\importLookNacionalHistory.js:292:17)

[LOOK] 304/1503 ÔÇö importando 2023-04-06
[ERRO] LOOK 2023-04-06
Error: Par├ómetro "lotteryKey" inv├ílida: LOOK
    at runImport (C:\Users\glaub\palpitaco\backend\scripts\importKingApostas.js:1331:11)
    at main (C:\Users\glaub\palpitaco\tmp\look_nacional_historico\importLookNacionalHistory.js:292:17)

[LOOK] 305/1503 ÔÇö importando 2023-04-07
[ERRO] LOOK 2023-04-07
Error: Par├ómetro "lotteryKey" inv├ílida: LOOK
    at runImport (C:\Users\glaub\palpitaco\backend\scripts\importKingApostas.js:1331:11)
    at main (C:\Users\glaub\palpitaco\tmp\look_nacional_historico\importLookNacionalHistory.js:292:17)

[LOOK] 306/1503 ÔÇö importando 2023-04-08
[ERRO] LOOK 2023-04-08
Error: Par├ómetro "lotteryKey" inv├ílida: LOOK
    at runImport (C:\Users\glaub\palpitaco\backend\scripts\importKingApostas.js:1331:11)
    at main (C:\Users\glaub\palpitaco\tmp\look_nacional_historico\importLookNacionalHistory.js:292:17)

[LOOK] 307/1503 ÔÇö importando 2023-04-09
[ERRO] LOOK 2023-04-09
Error: Par├ómetro "lotteryKey" inv├ílida: LOOK
    at runImport (C:\Users\glaub\palpitaco\backend\scripts\importKingApostas.js:1331:11)
    at main (C:\Users\glaub\palpitaco\tmp\look_nacional_historico\importLookNacionalHistory.js:292:17)

[LOOK] 308/1503 ÔÇö importando 2023-04-10
[ERRO] LOOK 2023-04-10
Error: Par├ómetro "lotteryKey" inv├ílida: LOOK
    at runImport (C:\Users\glaub\palpitaco\backend\scripts\importKingApostas.js:1331:11)
    at main (C:\Users\glaub\palpitaco\tmp\look_nacional_historico\importLookNacionalHistory.js:292:17)

[LOOK] 309/1503 ÔÇö importando 2023-04-11
[ERRO] LOOK 2023-04-11
Error: Par├ómetro "lotteryKey" inv├ílida: LOOK
    at runImport (C:\Users\glaub\palpitaco\backend\scripts\importKingApostas.js:1331:11)
    at main (C:\Users\glaub\palpitaco\tmp\look_nacional_historico\importLookNacionalHistory.js:292:17)

[LOOK] 310/1503 ÔÇö importando 2023-04-12
[ERRO] LOOK 2023-04-12
Error: Par├ómetro "lotteryKey" inv├ílida: LOOK
    at runImport (C:\Users\glaub\palpitaco\backend\scripts\importKingApostas.js:1331:11)
    at main (C:\Users\glaub\palpitaco\tmp\look_nacional_historico\importLookNacionalHistory.js:292:17)

[LOOK] 311/1503 ÔÇö importando 2023-04-13
[ERRO] LOOK 2023-04-13
Error: Par├ómetro "lotteryKey" inv├ílida: LOOK
    at runImport (C:\Users\glaub\palpitaco\backend\scripts\importKingApostas.js:1331:11)
    at main (C:\Users\glaub\palpitaco\tmp\look_nacional_historico\importLookNacionalHistory.js:292:17)

[LOOK] 312/1503 ÔÇö importando 2023-04-14
[ERRO] LOOK 2023-04-14
Error: Par├ómetro "lotteryKey" inv├ílida: LOOK
    at runImport (C:\Users\glaub\palpitaco\backend\scripts\importKingApostas.js:1331:11)
    at main (C:\Users\glaub\palpitaco\tmp\look_nacional_historico\importLookNacionalHistory.js:292:17)

[LOOK] 313/1503 ÔÇö importando 2023-04-15
[ERRO] LOOK 2023-04-15
Error: Par├ómetro "lotteryKey" inv├ílida: LOOK
    at runImport (C:\Users\glaub\palpitaco\backend\scripts\importKingApostas.js:1331:11)
    at main (C:\Users\glaub\palpitaco\tmp\look_nacional_historico\importLookNacionalHistory.js:292:17)

[LOOK] 314/1503 ÔÇö importando 2023-04-16
[ERRO] LOOK 2023-04-16
Error: Par├ómetro "lotteryKey" inv├ílida: LOOK
    at runImport (C:\Users\glaub\palpitaco\backend\scripts\importKingApostas.js:1331:11)
    at main (C:\Users\glaub\palpitaco\tmp\look_nacional_historico\importLookNacionalHistory.js:292:17)

[LOOK] 315/1503 ÔÇö importando 2023-04-17
[ERRO] LOOK 2023-04-17
Error: Par├ómetro "lotteryKey" inv├ílida: LOOK
    at runImport (C:\Users\glaub\palpitaco\backend\scripts\importKingApostas.js:1331:11)
    at main (C:\Users\glaub\palpitaco\tmp\look_nacional_historico\importLookNacionalHistory.js:292:17)

[LOOK] 316/1503 ÔÇö importando 2023-04-18
[ERRO] LOOK 2023-04-18
Error: Par├ómetro "lotteryKey" inv├ílida: LOOK
    at runImport (C:\Users\glaub\palpitaco\backend\scripts\importKingApostas.js:1331:11)
    at main (C:\Users\glaub\palpitaco\tmp\look_nacional_historico\importLookNacionalHistory.js:292:17)

[LOOK] 317/1503 ÔÇö importando 2023-04-19
[ERRO] LOOK 2023-04-19
Error: Par├ómetro "lotteryKey" inv├ílida: LOOK
    at runImport (C:\Users\glaub\palpitaco\backend\scripts\importKingApostas.js:1331:11)
    at main (C:\Users\glaub\palpitaco\tmp\look_nacional_historico\importLookNacionalHistory.js:292:17)

[LOOK] 318/1503 ÔÇö importando 2023-04-20
[ERRO] LOOK 2023-04-20
Error: Par├ómetro "lotteryKey" inv├ílida: LOOK
    at runImport (C:\Users\glaub\palpitaco\backend\scripts\importKingApostas.js:1331:11)
    at main (C:\Users\glaub\palpitaco\tmp\look_nacional_historico\importLookNacionalHistory.js:292:17)

[LOOK] 319/1503 ÔÇö importando 2023-04-21
[ERRO] LOOK 2023-04-21
Error: Par├ómetro "lotteryKey" inv├ílida: LOOK
    at runImport (C:\Users\glaub\palpitaco\backend\scripts\importKingApostas.js:1331:11)
    at main (C:\Users\glaub\palpitaco\tmp\look_nacional_historico\importLookNacionalHistory.js:292:17)

[LOOK] 320/1503 ÔÇö importando 2023-04-22
[ERRO] LOOK 2023-04-22
Error: Par├ómetro "lotteryKey" inv├ílida: LOOK
    at runImport (C:\Users\glaub\palpitaco\backend\scripts\importKingApostas.js:1331:11)
    at main (C:\Users\glaub\palpitaco\tmp\look_nacional_historico\importLookNacionalHistory.js:292:17)

[LOOK] 321/1503 ÔÇö importando 2023-04-23
[ERRO] LOOK 2023-04-23
Error: Par├ómetro "lotteryKey" inv├ílida: LOOK
    at runImport (C:\Users\glaub\palpitaco\backend\scripts\importKingApostas.js:1331:11)
    at main (C:\Users\glaub\palpitaco\tmp\look_nacional_historico\importLookNacionalHistory.js:292:17)

[LOOK] 322/1503 ÔÇö importando 2023-04-24
[ERRO] LOOK 2023-04-24
Error: Par├ómetro "lotteryKey" inv├ílida: LOOK
    at runImport (C:\Users\glaub\palpitaco\backend\scripts\importKingApostas.js:1331:11)
    at main (C:\Users\glaub\palpitaco\tmp\look_nacional_historico\importLookNacionalHistory.js:292:17)

[LOOK] 323/1503 ÔÇö importando 2023-04-25
[ERRO] LOOK 2023-04-25
Error: Par├ómetro "lotteryKey" inv├ílida: LOOK
    at runImport (C:\Users\glaub\palpitaco\backend\scripts\importKingApostas.js:1331:11)
    at main (C:\Users\glaub\palpitaco\tmp\look_nacional_historico\importLookNacionalHistory.js:292:17)

[LOOK] 324/1503 ÔÇö importando 2023-04-26
[ERRO] LOOK 2023-04-26
Error: Par├ómetro "lotteryKey" inv├ílida: LOOK
    at runImport (C:\Users\glaub\palpitaco\backend\scripts\importKingApostas.js:1331:11)
    at main (C:\Users\glaub\palpitaco\tmp\look_nacional_historico\importLookNacionalHistory.js:292:17)

[LOOK] 325/1503 ÔÇö importando 2023-04-27
[ERRO] LOOK 2023-04-27
Error: Par├ómetro "lotteryKey" inv├ílida: LOOK
    at runImport (C:\Users\glaub\palpitaco\backend\scripts\importKingApostas.js:1331:11)
    at main (C:\Users\glaub\palpitaco\tmp\look_nacional_historico\importLookNacionalHistory.js:292:17)

[LOOK] 326/1503 ÔÇö importando 2023-04-28
[ERRO] LOOK 2023-04-28
Error: Par├ómetro "lotteryKey" inv├ílida: LOOK
    at runImport (C:\Users\glaub\palpitaco\backend\scripts\importKingApostas.js:1331:11)
    at main (C:\Users\glaub\palpitaco\tmp\look_nacional_historico\importLookNacionalHistory.js:292:17)

[LOOK] 327/1503 ÔÇö importando 2023-04-29
[ERRO] LOOK 2023-04-29
Error: Par├ómetro "lotteryKey" inv├ílida: LOOK
    at runImport (C:\Users\glaub\palpitaco\backend\scripts\importKingApostas.js:1331:11)
    at main (C:\Users\glaub\palpitaco\tmp\look_nacional_historico\importLookNacionalHistory.js:292:17)

[LOOK] 328/1503 ÔÇö importando 2023-04-30
[ERRO] LOOK 2023-04-30
Error: Par├ómetro "lotteryKey" inv├ílida: LOOK
    at runImport (C:\Users\glaub\palpitaco\backend\scripts\importKingApostas.js:1331:11)
    at main (C:\Users\glaub\palpitaco\tmp\look_nacional_historico\importLookNacionalHistory.js:292:17)

[LOOK] 329/1503 ÔÇö importando 2023-05-01
[ERRO] LOOK 2023-05-01
Error: Par├ómetro "lotteryKey" inv├ílida: LOOK
    at runImport (C:\Users\glaub\palpitaco\backend\scripts\importKingApostas.js:1331:11)
    at main (C:\Users\glaub\palpitaco\tmp\look_nacional_historico\importLookNacionalHistory.js:292:17)

[LOOK] 330/1503 ÔÇö importando 2023-05-02
[ERRO] LOOK 2023-05-02
Error: Par├ómetro "lotteryKey" inv├ílida: LOOK
    at runImport (C:\Users\glaub\palpitaco\backend\scripts\importKingApostas.js:1331:11)
    at main (C:\Users\glaub\palpitaco\tmp\look_nacional_historico\importLookNacionalHistory.js:292:17)

[LOOK] 331/1503 ÔÇö importando 2023-05-03
[ERRO] LOOK 2023-05-03
Error: Par├ómetro "lotteryKey" inv├ílida: LOOK
    at runImport (C:\Users\glaub\palpitaco\backend\scripts\importKingApostas.js:1331:11)
    at main (C:\Users\glaub\palpitaco\tmp\look_nacional_historico\importLookNacionalHistory.js:292:17)

[LOOK] 332/1503 ÔÇö importando 2023-05-04
[ERRO] LOOK 2023-05-04
Error: Par├ómetro "lotteryKey" inv├ílida: LOOK
    at runImport (C:\Users\glaub\palpitaco\backend\scripts\importKingApostas.js:1331:11)
    at main (C:\Users\glaub\palpitaco\tmp\look_nacional_historico\importLookNacionalHistory.js:292:17)

[LOOK] 333/1503 ÔÇö importando 2023-05-05
[ERRO] LOOK 2023-05-05
Error: Par├ómetro "lotteryKey" inv├ílida: LOOK
    at runImport (C:\Users\glaub\palpitaco\backend\scripts\importKingApostas.js:1331:11)
    at main (C:\Users\glaub\palpitaco\tmp\look_nacional_historico\importLookNacionalHistory.js:292:17)

[LOOK] 334/1503 ÔÇö importando 2023-05-06
[ERRO] LOOK 2023-05-06
Error: Par├ómetro "lotteryKey" inv├ílida: LOOK
    at runImport (C:\Users\glaub\palpitaco\backend\scripts\importKingApostas.js:1331:11)
    at main (C:\Users\glaub\palpitaco\tmp\look_nacional_historico\importLookNacionalHistory.js:292:17)

[LOOK] 335/1503 ÔÇö importando 2023-05-07
[ERRO] LOOK 2023-05-07
Error: Par├ómetro "lotteryKey" inv├ílida: LOOK
    at runImport (C:\Users\glaub\palpitaco\backend\scripts\importKingApostas.js:1331:11)
    at main (C:\Users\glaub\palpitaco\tmp\look_nacional_historico\importLookNacionalHistory.js:292:17)

[LOOK] 336/1503 ÔÇö importando 2023-05-08
[ERRO] LOOK 2023-05-08
Error: Par├ómetro "lotteryKey" inv├ílida: LOOK
    at runImport (C:\Users\glaub\palpitaco\backend\scripts\importKingApostas.js:1331:11)
    at main (C:\Users\glaub\palpitaco\tmp\look_nacional_historico\importLookNacionalHistory.js:292:17)

[LOOK] 337/1503 ÔÇö importando 2023-05-09
[ERRO] LOOK 2023-05-09
Error: Par├ómetro "lotteryKey" inv├ílida: LOOK
    at runImport (C:\Users\glaub\palpitaco\backend\scripts\importKingApostas.js:1331:11)
    at main (C:\Users\glaub\palpitaco\tmp\look_nacional_historico\importLookNacionalHistory.js:292:17)

[LOOK] 338/1503 ÔÇö importando 2023-05-10
[ERRO] LOOK 2023-05-10
Error: Par├ómetro "lotteryKey" inv├ílida: LOOK
    at runImport (C:\Users\glaub\palpitaco\backend\scripts\importKingApostas.js:1331:11)
    at main (C:\Users\glaub\palpitaco\tmp\look_nacional_historico\importLookNacionalHistory.js:292:17)

[LOOK] 339/1503 ÔÇö importando 2023-05-11
[ERRO] LOOK 2023-05-11
Error: Par├ómetro "lotteryKey" inv├ílida: LOOK
    at runImport (C:\Users\glaub\palpitaco\backend\scripts\importKingApostas.js:1331:11)
    at main (C:\Users\glaub\palpitaco\tmp\look_nacional_historico\importLookNacionalHistory.js:292:17)

[LOOK] 340/1503 ÔÇö importando 2023-05-12
[ERRO] LOOK 2023-05-12
Error: Par├ómetro "lotteryKey" inv├ílida: LOOK
    at runImport (C:\Users\glaub\palpitaco\backend\scripts\importKingApostas.js:1331:11)
    at main (C:\Users\glaub\palpitaco\tmp\look_nacional_historico\importLookNacionalHistory.js:292:17)

[LOOK] 341/1503 ÔÇö importando 2023-05-13
[ERRO] LOOK 2023-05-13
Error: Par├ómetro "lotteryKey" inv├ílida: LOOK
    at runImport (C:\Users\glaub\palpitaco\backend\scripts\importKingApostas.js:1331:11)
    at main (C:\Users\glaub\palpitaco\tmp\look_nacional_historico\importLookNacionalHistory.js:292:17)

[LOOK] 342/1503 ÔÇö importando 2023-05-14
[ERRO] LOOK 2023-05-14
Error: Par├ómetro "lotteryKey" inv├ílida: LOOK
    at runImport (C:\Users\glaub\palpitaco\backend\scripts\importKingApostas.js:1331:11)
    at main (C:\Users\glaub\palpitaco\tmp\look_nacional_historico\importLookNacionalHistory.js:292:17)

[LOOK] 343/1503 ÔÇö importando 2023-05-15
[ERRO] LOOK 2023-05-15
Error: Par├ómetro "lotteryKey" inv├ílida: LOOK
    at runImport (C:\Users\glaub\palpitaco\backend\scripts\importKingApostas.js:1331:11)
    at main (C:\Users\glaub\palpitaco\tmp\look_nacional_historico\importLookNacionalHistory.js:292:17)

[LOOK] 344/1503 ÔÇö importando 2023-05-16
[ERRO] LOOK 2023-05-16
Error: Par├ómetro "lotteryKey" inv├ílida: LOOK
    at runImport (C:\Users\glaub\palpitaco\backend\scripts\importKingApostas.js:1331:11)
    at main (C:\Users\glaub\palpitaco\tmp\look_nacional_historico\importLookNacionalHistory.js:292:17)

[LOOK] 345/1503 ÔÇö importando 2023-05-17
[ERRO] LOOK 2023-05-17
Error: Par├ómetro "lotteryKey" inv├ílida: LOOK
    at runImport (C:\Users\glaub\palpitaco\backend\scripts\importKingApostas.js:1331:11)
    at main (C:\Users\glaub\palpitaco\tmp\look_nacional_historico\importLookNacionalHistory.js:292:17)

[LOOK] 346/1503 ÔÇö importando 2023-05-18
[ERRO] LOOK 2023-05-18
Error: Par├ómetro "lotteryKey" inv├ílida: LOOK
    at runImport (C:\Users\glaub\palpitaco\backend\scripts\importKingApostas.js:1331:11)
    at main (C:\Users\glaub\palpitaco\tmp\look_nacional_historico\importLookNacionalHistory.js:292:17)

[LOOK] 347/1503 ÔÇö importando 2023-05-19
[ERRO] LOOK 2023-05-19
Error: Par├ómetro "lotteryKey" inv├ílida: LOOK
    at runImport (C:\Users\glaub\palpitaco\backend\scripts\importKingApostas.js:1331:11)
    at main (C:\Users\glaub\palpitaco\tmp\look_nacional_historico\importLookNacionalHistory.js:292:17)

[LOOK] 348/1503 ÔÇö importando 2023-05-20
[ERRO] LOOK 2023-05-20
Error: Par├ómetro "lotteryKey" inv├ílida: LOOK
    at runImport (C:\Users\glaub\palpitaco\backend\scripts\importKingApostas.js:1331:11)
    at main (C:\Users\glaub\palpitaco\tmp\look_nacional_historico\importLookNacionalHistory.js:292:17)

[LOOK] 349/1503 ÔÇö importando 2023-05-21
[ERRO] LOOK 2023-05-21
Error: Par├ómetro "lotteryKey" inv├ílida: LOOK
    at runImport (C:\Users\glaub\palpitaco\backend\scripts\importKingApostas.js:1331:11)
    at main (C:\Users\glaub\palpitaco\tmp\look_nacional_historico\importLookNacionalHistory.js:292:17)

[LOOK] 350/1503 ÔÇö importando 2023-05-22
[ERRO] LOOK 2023-05-22
Error: Par├ómetro "lotteryKey" inv├ílida: LOOK
    at runImport (C:\Users\glaub\palpitaco\backend\scripts\importKingApostas.js:1331:11)
    at main (C:\Users\glaub\palpitaco\tmp\look_nacional_historico\importLookNacionalHistory.js:292:17)

[LOOK] 351/1503 ÔÇö importando 2023-05-23
[ERRO] LOOK 2023-05-23
Error: Par├ómetro "lotteryKey" inv├ílida: LOOK
    at runImport (C:\Users\glaub\palpitaco\backend\scripts\importKingApostas.js:1331:11)
    at main (C:\Users\glaub\palpitaco\tmp\look_nacional_historico\importLookNacionalHistory.js:292:17)

[LOOK] 352/1503 ÔÇö importando 2023-05-24
[ERRO] LOOK 2023-05-24
Error: Par├ómetro "lotteryKey" inv├ílida: LOOK
    at runImport (C:\Users\glaub\palpitaco\backend\scripts\importKingApostas.js:1331:11)
    at main (C:\Users\glaub\palpitaco\tmp\look_nacional_historico\importLookNacionalHistory.js:292:17)

[LOOK] 353/1503 ÔÇö importando 2023-05-25
[ERRO] LOOK 2023-05-25
Error: Par├ómetro "lotteryKey" inv├ílida: LOOK
    at runImport (C:\Users\glaub\palpitaco\backend\scripts\importKingApostas.js:1331:11)
    at main (C:\Users\glaub\palpitaco\tmp\look_nacional_historico\importLookNacionalHistory.js:292:17)

[LOOK] 354/1503 ÔÇö importando 2023-05-26
[ERRO] LOOK 2023-05-26
Error: Par├ómetro "lotteryKey" inv├ílida: LOOK
    at runImport (C:\Users\glaub\palpitaco\backend\scripts\importKingApostas.js:1331:11)
    at main (C:\Users\glaub\palpitaco\tmp\look_nacional_historico\importLookNacionalHistory.js:292:17)

[LOOK] 355/1503 ÔÇö importando 2023-05-27
[ERRO] LOOK 2023-05-27
Error: Par├ómetro "lotteryKey" inv├ílida: LOOK
    at runImport (C:\Users\glaub\palpitaco\backend\scripts\importKingApostas.js:1331:11)
    at main (C:\Users\glaub\palpitaco\tmp\look_nacional_historico\importLookNacionalHistory.js:292:17)

[LOOK] 356/1503 ÔÇö importando 2023-05-28
[ERRO] LOOK 2023-05-28
Error: Par├ómetro "lotteryKey" inv├ílida: LOOK
    at runImport (C:\Users\glaub\palpitaco\backend\scripts\importKingApostas.js:1331:11)
    at main (C:\Users\glaub\palpitaco\tmp\look_nacional_historico\importLookNacionalHistory.js:292:17)

[LOOK] 357/1503 ÔÇö importando 2023-05-29
[ERRO] LOOK 2023-05-29
Error: Par├ómetro "lotteryKey" inv├ílida: LOOK
    at runImport (C:\Users\glaub\palpitaco\backend\scripts\importKingApostas.js:1331:11)
    at main (C:\Users\glaub\palpitaco\tmp\look_nacional_historico\importLookNacionalHistory.js:292:17)

[LOOK] 358/1503 ÔÇö importando 2023-05-30
[ERRO] LOOK 2023-05-30
Error: Par├ómetro "lotteryKey" inv├ílida: LOOK
    at runImport (C:\Users\glaub\palpitaco\backend\scripts\importKingApostas.js:1331:11)
    at main (C:\Users\glaub\palpitaco\tmp\look_nacional_historico\importLookNacionalHistory.js:292:17)

[LOOK] 359/1503 ÔÇö importando 2023-05-31
[ERRO] LOOK 2023-05-31
Error: Par├ómetro "lotteryKey" inv├ílida: LOOK
    at runImport (C:\Users\glaub\palpitaco\backend\scripts\importKingApostas.js:1331:11)
    at main (C:\Users\glaub\palpitaco\tmp\look_nacional_historico\importLookNacionalHistory.js:292:17)

[LOOK] 360/1503 ÔÇö importando 2023-06-01
[ERRO] LOOK 2023-06-01
Error: Par├ómetro "lotteryKey" inv├ílida: LOOK
    at runImport (C:\Users\glaub\palpitaco\backend\scripts\importKingApostas.js:1331:11)
    at main (C:\Users\glaub\palpitaco\tmp\look_nacional_historico\importLookNacionalHistory.js:292:17)

[LOOK] 361/1503 ÔÇö importando 2023-06-02
[ERRO] LOOK 2023-06-02
Error: Par├ómetro "lotteryKey" inv├ílida: LOOK
    at runImport (C:\Users\glaub\palpitaco\backend\scripts\importKingApostas.js:1331:11)
    at main (C:\Users\glaub\palpitaco\tmp\look_nacional_historico\importLookNacionalHistory.js:292:17)

[LOOK] 362/1503 ÔÇö importando 2023-06-03
[ERRO] LOOK 2023-06-03
Error: Par├ómetro "lotteryKey" inv├ílida: LOOK
    at runImport (C:\Users\glaub\palpitaco\backend\scripts\importKingApostas.js:1331:11)
    at main (C:\Users\glaub\palpitaco\tmp\look_nacional_historico\importLookNacionalHistory.js:292:17)

[LOOK] 363/1503 ÔÇö importando 2023-06-04
[ERRO] LOOK 2023-06-04
Error: Par├ómetro "lotteryKey" inv├ílida: LOOK
    at runImport (C:\Users\glaub\palpitaco\backend\scripts\importKingApostas.js:1331:11)
    at main (C:\Users\glaub\palpitaco\tmp\look_nacional_historico\importLookNacionalHistory.js:292:17)

[LOOK] 364/1503 ÔÇö importando 2023-06-05
[ERRO] LOOK 2023-06-05
Error: Par├ómetro "lotteryKey" inv├ílida: LOOK
    at runImport (C:\Users\glaub\palpitaco\backend\scripts\importKingApostas.js:1331:11)
    at main (C:\Users\glaub\palpitaco\tmp\look_nacional_historico\importLookNacionalHistory.js:292:17)

[LOOK] 365/1503 ÔÇö importando 2023-06-06
[ERRO] LOOK 2023-06-06
Error: Par├ómetro "lotteryKey" inv├ílida: LOOK
    at runImport (C:\Users\glaub\palpitaco\backend\scripts\importKingApostas.js:1331:11)
    at main (C:\Users\glaub\palpitaco\tmp\look_nacional_historico\importLookNacionalHistory.js:292:17)

[LOOK] 366/1503 ÔÇö importando 2023-06-07
[ERRO] LOOK 2023-06-07
Error: Par├ómetro "lotteryKey" inv├ílida: LOOK
    at runImport (C:\Users\glaub\palpitaco\backend\scripts\importKingApostas.js:1331:11)
    at main (C:\Users\glaub\palpitaco\tmp\look_nacional_historico\importLookNacionalHistory.js:292:17)

[LOOK] 367/1503 ÔÇö importando 2023-06-08
[ERRO] LOOK 2023-06-08
Error: Par├ómetro "lotteryKey" inv├ílida: LOOK
    at runImport (C:\Users\glaub\palpitaco\backend\scripts\importKingApostas.js:1331:11)
    at main (C:\Users\glaub\palpitaco\tmp\look_nacional_historico\importLookNacionalHistory.js:292:17)

[LOOK] 368/1503 ÔÇö importando 2023-06-09
[ERRO] LOOK 2023-06-09
Error: Par├ómetro "lotteryKey" inv├ílida: LOOK
    at runImport (C:\Users\glaub\palpitaco\backend\scripts\importKingApostas.js:1331:11)
    at main (C:\Users\glaub\palpitaco\tmp\look_nacional_historico\importLookNacionalHistory.js:292:17)

[LOOK] 369/1503 ÔÇö importando 2023-06-10
[ERRO] LOOK 2023-06-10
Error: Par├ómetro "lotteryKey" inv├ílida: LOOK
    at runImport (C:\Users\glaub\palpitaco\backend\scripts\importKingApostas.js:1331:11)
    at main (C:\Users\glaub\palpitaco\tmp\look_nacional_historico\importLookNacionalHistory.js:292:17)

[LOOK] 370/1503 ÔÇö importando 2023-06-11
[ERRO] LOOK 2023-06-11
Error: Par├ómetro "lotteryKey" inv├ílida: LOOK
    at runImport (C:\Users\glaub\palpitaco\backend\scripts\importKingApostas.js:1331:11)
    at main (C:\Users\glaub\palpitaco\tmp\look_nacional_historico\importLookNacionalHistory.js:292:17)

[LOOK] 371/1503 ÔÇö importando 2023-06-12
[ERRO] LOOK 2023-06-12
Error: Par├ómetro "lotteryKey" inv├ílida: LOOK
    at runImport (C:\Users\glaub\palpitaco\backend\scripts\importKingApostas.js:1331:11)
    at main (C:\Users\glaub\palpitaco\tmp\look_nacional_historico\importLookNacionalHistory.js:292:17)

[LOOK] 372/1503 ÔÇö importando 2023-06-13
[ERRO] LOOK 2023-06-13
Error: Par├ómetro "lotteryKey" inv├ílida: LOOK
    at runImport (C:\Users\glaub\palpitaco\backend\scripts\importKingApostas.js:1331:11)
    at main (C:\Users\glaub\palpitaco\tmp\look_nacional_historico\importLookNacionalHistory.js:292:17)

[LOOK] 373/1503 ÔÇö importando 2023-06-14
[ERRO] LOOK 2023-06-14
Error: Par├ómetro "lotteryKey" inv├ílida: LOOK
    at runImport (C:\Users\glaub\palpitaco\backend\scripts\importKingApostas.js:1331:11)
    at main (C:\Users\glaub\palpitaco\tmp\look_nacional_historico\importLookNacionalHistory.js:292:17)

[LOOK] 374/1503 ÔÇö importando 2023-06-15
[ERRO] LOOK 2023-06-15
Error: Par├ómetro "lotteryKey" inv├ílida: LOOK
    at runImport (C:\Users\glaub\palpitaco\backend\scripts\importKingApostas.js:1331:11)
    at main (C:\Users\glaub\palpitaco\tmp\look_nacional_historico\importLookNacionalHistory.js:292:17)

[LOOK] 375/1503 ÔÇö importando 2023-06-16
[ERRO] LOOK 2023-06-16
Error: Par├ómetro "lotteryKey" inv├ílida: LOOK
    at runImport (C:\Users\glaub\palpitaco\backend\scripts\importKingApostas.js:1331:11)
    at main (C:\Users\glaub\palpitaco\tmp\look_nacional_historico\importLookNacionalHistory.js:292:17)

[LOOK] 376/1503 ÔÇö importando 2023-06-17
[ERRO] LOOK 2023-06-17
Error: Par├ómetro "lotteryKey" inv├ílida: LOOK
    at runImport (C:\Users\glaub\palpitaco\backend\scripts\importKingApostas.js:1331:11)
    at main (C:\Users\glaub\palpitaco\tmp\look_nacional_historico\importLookNacionalHistory.js:292:17)

[LOOK] 377/1503 ÔÇö importando 2023-06-18
[ERRO] LOOK 2023-06-18
Error: Par├ómetro "lotteryKey" inv├ílida: LOOK
    at runImport (C:\Users\glaub\palpitaco\backend\scripts\importKingApostas.js:1331:11)
    at main (C:\Users\glaub\palpitaco\tmp\look_nacional_historico\importLookNacionalHistory.js:292:17)

[LOOK] 378/1503 ÔÇö importando 2023-06-19
[ERRO] LOOK 2023-06-19
Error: Par├ómetro "lotteryKey" inv├ílida: LOOK
    at runImport (C:\Users\glaub\palpitaco\backend\scripts\importKingApostas.js:1331:11)
    at main (C:\Users\glaub\palpitaco\tmp\look_nacional_historico\importLookNacionalHistory.js:292:17)

[LOOK] 379/1503 ÔÇö importando 2023-06-20
[ERRO] LOOK 2023-06-20
Error: Par├ómetro "lotteryKey" inv├ílida: LOOK
    at runImport (C:\Users\glaub\palpitaco\backend\scripts\importKingApostas.js:1331:11)
    at main (C:\Users\glaub\palpitaco\tmp\look_nacional_historico\importLookNacionalHistory.js:292:17)

[LOOK] 380/1503 ÔÇö importando 2023-06-21
[ERRO] LOOK 2023-06-21
Error: Par├ómetro "lotteryKey" inv├ílida: LOOK
    at runImport (C:\Users\glaub\palpitaco\backend\scripts\importKingApostas.js:1331:11)
    at main (C:\Users\glaub\palpitaco\tmp\look_nacional_historico\importLookNacionalHistory.js:292:17)

[LOOK] 381/1503 ÔÇö importando 2023-06-22
[ERRO] LOOK 2023-06-22
Error: Par├ómetro "lotteryKey" inv├ílida: LOOK
    at runImport (C:\Users\glaub\palpitaco\backend\scripts\importKingApostas.js:1331:11)
    at main (C:\Users\glaub\palpitaco\tmp\look_nacional_historico\importLookNacionalHistory.js:292:17)

[LOOK] 382/1503 ÔÇö importando 2023-06-23
[ERRO] LOOK 2023-06-23
Error: Par├ómetro "lotteryKey" inv├ílida: LOOK
    at runImport (C:\Users\glaub\palpitaco\backend\scripts\importKingApostas.js:1331:11)
    at main (C:\Users\glaub\palpitaco\tmp\look_nacional_historico\importLookNacionalHistory.js:292:17)

[LOOK] 383/1503 ÔÇö importando 2023-06-24
[ERRO] LOOK 2023-06-24
Error: Par├ómetro "lotteryKey" inv├ílida: LOOK
    at runImport (C:\Users\glaub\palpitaco\backend\scripts\importKingApostas.js:1331:11)
    at main (C:\Users\glaub\palpitaco\tmp\look_nacional_historico\importLookNacionalHistory.js:292:17)

[LOOK] 384/1503 ÔÇö importando 2023-06-25
[ERRO] LOOK 2023-06-25
Error: Par├ómetro "lotteryKey" inv├ílida: LOOK
    at runImport (C:\Users\glaub\palpitaco\backend\scripts\importKingApostas.js:1331:11)
    at main (C:\Users\glaub\palpitaco\tmp\look_nacional_historico\importLookNacionalHistory.js:292:17)

[LOOK] 385/1503 ÔÇö importando 2023-06-26
[ERRO] LOOK 2023-06-26
Error: Par├ómetro "lotteryKey" inv├ílida: LOOK
    at runImport (C:\Users\glaub\palpitaco\backend\scripts\importKingApostas.js:1331:11)
    at main (C:\Users\glaub\palpitaco\tmp\look_nacional_historico\importLookNacionalHistory.js:292:17)

[LOOK] 386/1503 ÔÇö importando 2023-06-27
[ERRO] LOOK 2023-06-27
Error: Par├ómetro "lotteryKey" inv├ílida: LOOK
    at runImport (C:\Users\glaub\palpitaco\backend\scripts\importKingApostas.js:1331:11)
    at main (C:\Users\glaub\palpitaco\tmp\look_nacional_historico\importLookNacionalHistory.js:292:17)

[LOOK] 387/1503 ÔÇö importando 2023-06-28
[ERRO] LOOK 2023-06-28
Error: Par├ómetro "lotteryKey" inv├ílida: LOOK
    at runImport (C:\Users\glaub\palpitaco\backend\scripts\importKingApostas.js:1331:11)
    at main (C:\Users\glaub\palpitaco\tmp\look_nacional_historico\importLookNacionalHistory.js:292:17)

[LOOK] 388/1503 ÔÇö importando 2023-06-29
[ERRO] LOOK 2023-06-29
Error: Par├ómetro "lotteryKey" inv├ílida: LOOK
    at runImport (C:\Users\glaub\palpitaco\backend\scripts\importKingApostas.js:1331:11)
    at main (C:\Users\glaub\palpitaco\tmp\look_nacional_historico\importLookNacionalHistory.js:292:17)

[LOOK] 389/1503 ÔÇö importando 2023-06-30
[ERRO] LOOK 2023-06-30
Error: Par├ómetro "lotteryKey" inv├ílida: LOOK
    at runImport (C:\Users\glaub\palpitaco\backend\scripts\importKingApostas.js:1331:11)
    at main (C:\Users\glaub\palpitaco\tmp\look_nacional_historico\importLookNacionalHistory.js:292:17)

[LOOK] 390/1503 ÔÇö importando 2023-07-01
[ERRO] LOOK 2023-07-01
Error: Par├ómetro "lotteryKey" inv├ílida: LOOK
    at runImport (C:\Users\glaub\palpitaco\backend\scripts\importKingApostas.js:1331:11)
    at main (C:\Users\glaub\palpitaco\tmp\look_nacional_historico\importLookNacionalHistory.js:292:17)

[LOOK] 391/1503 ÔÇö importando 2023-07-02
[ERRO] LOOK 2023-07-02
Error: Par├ómetro "lotteryKey" inv├ílida: LOOK
    at runImport (C:\Users\glaub\palpitaco\backend\scripts\importKingApostas.js:1331:11)
    at main (C:\Users\glaub\palpitaco\tmp\look_nacional_historico\importLookNacionalHistory.js:292:17)

[LOOK] 392/1503 ÔÇö importando 2023-07-03
[ERRO] LOOK 2023-07-03
Error: Par├ómetro "lotteryKey" inv├ílida: LOOK
    at runImport (C:\Users\glaub\palpitaco\backend\scripts\importKingApostas.js:1331:11)
    at main (C:\Users\glaub\palpitaco\tmp\look_nacional_historico\importLookNacionalHistory.js:292:17)

[LOOK] 393/1503 ÔÇö importando 2023-07-04
[ERRO] LOOK 2023-07-04
Error: Par├ómetro "lotteryKey" inv├ílida: LOOK
    at runImport (C:\Users\glaub\palpitaco\backend\scripts\importKingApostas.js:1331:11)
    at main (C:\Users\glaub\palpitaco\tmp\look_nacional_historico\importLookNacionalHistory.js:292:17)

[LOOK] 394/1503 ÔÇö importando 2023-07-05
[ERRO] LOOK 2023-07-05
Error: Par├ómetro "lotteryKey" inv├ílida: LOOK
    at runImport (C:\Users\glaub\palpitaco\backend\scripts\importKingApostas.js:1331:11)
    at main (C:\Users\glaub\palpitaco\tmp\look_nacional_historico\importLookNacionalHistory.js:292:17)

[LOOK] 395/1503 ÔÇö importando 2023-07-06
[ERRO] LOOK 2023-07-06
Error: Par├ómetro "lotteryKey" inv├ílida: LOOK
    at runImport (C:\Users\glaub\palpitaco\backend\scripts\importKingApostas.js:1331:11)
    at main (C:\Users\glaub\palpitaco\tmp\look_nacional_historico\importLookNacionalHistory.js:292:17)

[LOOK] 396/1503 ÔÇö importando 2023-07-07
[ERRO] LOOK 2023-07-07
Error: Par├ómetro "lotteryKey" inv├ílida: LOOK
    at runImport (C:\Users\glaub\palpitaco\backend\scripts\importKingApostas.js:1331:11)
    at main (C:\Users\glaub\palpitaco\tmp\look_nacional_historico\importLookNacionalHistory.js:292:17)

[LOOK] 397/1503 ÔÇö importando 2023-07-08
[ERRO] LOOK 2023-07-08
Error: Par├ómetro "lotteryKey" inv├ílida: LOOK
    at runImport (C:\Users\glaub\palpitaco\backend\scripts\importKingApostas.js:1331:11)
    at main (C:\Users\glaub\palpitaco\tmp\look_nacional_historico\importLookNacionalHistory.js:292:17)

[LOOK] 398/1503 ÔÇö importando 2023-07-09
[ERRO] LOOK 2023-07-09
Error: Par├ómetro "lotteryKey" inv├ílida: LOOK
    at runImport (C:\Users\glaub\palpitaco\backend\scripts\importKingApostas.js:1331:11)
    at main (C:\Users\glaub\palpitaco\tmp\look_nacional_historico\importLookNacionalHistory.js:292:17)

[LOOK] 399/1503 ÔÇö importando 2023-07-10
[ERRO] LOOK 2023-07-10
Error: Par├ómetro "lotteryKey" inv├ílida: LOOK
    at runImport (C:\Users\glaub\palpitaco\backend\scripts\importKingApostas.js:1331:11)
    at main (C:\Users\glaub\palpitaco\tmp\look_nacional_historico\importLookNacionalHistory.js:292:17)

[LOOK] 400/1503 ÔÇö importando 2023-07-11
[ERRO] LOOK 2023-07-11
Error: Par├ómetro "lotteryKey" inv├ílida: LOOK
    at runImport (C:\Users\glaub\palpitaco\backend\scripts\importKingApostas.js:1331:11)
    at main (C:\Users\glaub\palpitaco\tmp\look_nacional_historico\importLookNacionalHistory.js:292:17)

[LOOK] 401/1503 ÔÇö importando 2023-07-12
[ERRO] LOOK 2023-07-12
Error: Par├ómetro "lotteryKey" inv├ílida: LOOK
    at runImport (C:\Users\glaub\palpitaco\backend\scripts\importKingApostas.js:1331:11)
    at main (C:\Users\glaub\palpitaco\tmp\look_nacional_historico\importLookNacionalHistory.js:292:17)

[LOOK] 402/1503 ÔÇö importando 2023-07-13
[ERRO] LOOK 2023-07-13
Error: Par├ómetro "lotteryKey" inv├ílida: LOOK
    at runImport (C:\Users\glaub\palpitaco\backend\scripts\importKingApostas.js:1331:11)
    at main (C:\Users\glaub\palpitaco\tmp\look_nacional_historico\importLookNacionalHistory.js:292:17)

[LOOK] 403/1503 ÔÇö importando 2023-07-14
[ERRO] LOOK 2023-07-14
Error: Par├ómetro "lotteryKey" inv├ílida: LOOK
    at runImport (C:\Users\glaub\palpitaco\backend\scripts\importKingApostas.js:1331:11)
    at main (C:\Users\glaub\palpitaco\tmp\look_nacional_historico\importLookNacionalHistory.js:292:17)

[LOOK] 404/1503 ÔÇö importando 2023-07-15
[ERRO] LOOK 2023-07-15
Error: Par├ómetro "lotteryKey" inv├ílida: LOOK
    at runImport (C:\Users\glaub\palpitaco\backend\scripts\importKingApostas.js:1331:11)
    at main (C:\Users\glaub\palpitaco\tmp\look_nacional_historico\importLookNacionalHistory.js:292:17)

[LOOK] 405/1503 ÔÇö importando 2023-07-16
[ERRO] LOOK 2023-07-16
Error: Par├ómetro "lotteryKey" inv├ílida: LOOK
    at runImport (C:\Users\glaub\palpitaco\backend\scripts\importKingApostas.js:1331:11)
    at main (C:\Users\glaub\palpitaco\tmp\look_nacional_historico\importLookNacionalHistory.js:292:17)

[LOOK] 406/1503 ÔÇö importando 2023-07-17
[ERRO] LOOK 2023-07-17
Error: Par├ómetro "lotteryKey" inv├ílida: LOOK
    at runImport (C:\Users\glaub\palpitaco\backend\scripts\importKingApostas.js:1331:11)
    at main (C:\Users\glaub\palpitaco\tmp\look_nacional_historico\importLookNacionalHistory.js:292:17)

[LOOK] 407/1503 ÔÇö importando 2023-07-18
[ERRO] LOOK 2023-07-18
Error: Par├ómetro "lotteryKey" inv├ílida: LOOK
    at runImport (C:\Users\glaub\palpitaco\backend\scripts\importKingApostas.js:1331:11)
    at main (C:\Users\glaub\palpitaco\tmp\look_nacional_historico\importLookNacionalHistory.js:292:17)

[LOOK] 408/1503 ÔÇö importando 2023-07-19
[ERRO] LOOK 2023-07-19
Error: Par├ómetro "lotteryKey" inv├ílida: LOOK
    at runImport (C:\Users\glaub\palpitaco\backend\scripts\importKingApostas.js:1331:11)
    at main (C:\Users\glaub\palpitaco\tmp\look_nacional_historico\importLookNacionalHistory.js:292:17)

[LOOK] 409/1503 ÔÇö importando 2023-07-20
[ERRO] LOOK 2023-07-20
Error: Par├ómetro "lotteryKey" inv├ílida: LOOK
    at runImport (C:\Users\glaub\palpitaco\backend\scripts\importKingApostas.js:1331:11)
    at main (C:\Users\glaub\palpitaco\tmp\look_nacional_historico\importLookNacionalHistory.js:292:17)

[LOOK] 410/1503 ÔÇö importando 2023-07-21
[ERRO] LOOK 2023-07-21
Error: Par├ómetro "lotteryKey" inv├ílida: LOOK
    at runImport (C:\Users\glaub\palpitaco\backend\scripts\importKingApostas.js:1331:11)
    at main (C:\Users\glaub\palpitaco\tmp\look_nacional_historico\importLookNacionalHistory.js:292:17)

[LOOK] 411/1503 ÔÇö importando 2023-07-22
[ERRO] LOOK 2023-07-22
Error: Par├ómetro "lotteryKey" inv├ílida: LOOK
    at runImport (C:\Users\glaub\palpitaco\backend\scripts\importKingApostas.js:1331:11)
    at main (C:\Users\glaub\palpitaco\tmp\look_nacional_historico\importLookNacionalHistory.js:292:17)

[LOOK] 412/1503 ÔÇö importando 2023-07-23
[ERRO] LOOK 2023-07-23
Error: Par├ómetro "lotteryKey" inv├ílida: LOOK
    at runImport (C:\Users\glaub\palpitaco\backend\scripts\importKingApostas.js:1331:11)
    at main (C:\Users\glaub\palpitaco\tmp\look_nacional_historico\importLookNacionalHistory.js:292:17)

[LOOK] 413/1503 ÔÇö importando 2023-07-24
[ERRO] LOOK 2023-07-24
Error: Par├ómetro "lotteryKey" inv├ílida: LOOK
    at runImport (C:\Users\glaub\palpitaco\backend\scripts\importKingApostas.js:1331:11)
    at main (C:\Users\glaub\palpitaco\tmp\look_nacional_historico\importLookNacionalHistory.js:292:17)

[LOOK] 414/1503 ÔÇö importando 2023-07-25
[ERRO] LOOK 2023-07-25
Error: Par├ómetro "lotteryKey" inv├ílida: LOOK
    at runImport (C:\Users\glaub\palpitaco\backend\scripts\importKingApostas.js:1331:11)
    at main (C:\Users\glaub\palpitaco\tmp\look_nacional_historico\importLookNacionalHistory.js:292:17)

[LOOK] 415/1503 ÔÇö importando 2023-07-26
[ERRO] LOOK 2023-07-26
Error: Par├ómetro "lotteryKey" inv├ílida: LOOK
    at runImport (C:\Users\glaub\palpitaco\backend\scripts\importKingApostas.js:1331:11)
    at main (C:\Users\glaub\palpitaco\tmp\look_nacional_historico\importLookNacionalHistory.js:292:17)

[LOOK] 416/1503 ÔÇö importando 2023-07-27
[ERRO] LOOK 2023-07-27
Error: Par├ómetro "lotteryKey" inv├ílida: LOOK
    at runImport (C:\Users\glaub\palpitaco\backend\scripts\importKingApostas.js:1331:11)
    at main (C:\Users\glaub\palpitaco\tmp\look_nacional_historico\importLookNacionalHistory.js:292:17)

[LOOK] 417/1503 ÔÇö importando 2023-07-28
[ERRO] LOOK 2023-07-28
Error: Par├ómetro "lotteryKey" inv├ílida: LOOK
    at runImport (C:\Users\glaub\palpitaco\backend\scripts\importKingApostas.js:1331:11)
    at main (C:\Users\glaub\palpitaco\tmp\look_nacional_historico\importLookNacionalHistory.js:292:17)

[LOOK] 418/1503 ÔÇö importando 2023-07-29
[ERRO] LOOK 2023-07-29
Error: Par├ómetro "lotteryKey" inv├ílida: LOOK
    at runImport (C:\Users\glaub\palpitaco\backend\scripts\importKingApostas.js:1331:11)
    at main (C:\Users\glaub\palpitaco\tmp\look_nacional_historico\importLookNacionalHistory.js:292:17)

[LOOK] 419/1503 ÔÇö importando 2023-07-30
[ERRO] LOOK 2023-07-30
Error: Par├ómetro "lotteryKey" inv├ílida: LOOK
    at runImport (C:\Users\glaub\palpitaco\backend\scripts\importKingApostas.js:1331:11)
    at main (C:\Users\glaub\palpitaco\tmp\look_nacional_historico\importLookNacionalHistory.js:292:17)

[LOOK] 420/1503 ÔÇö importando 2023-07-31
[ERRO] LOOK 2023-07-31
Error: Par├ómetro "lotteryKey" inv├ílida: LOOK
    at runImport (C:\Users\glaub\palpitaco\backend\scripts\importKingApostas.js:1331:11)
    at main (C:\Users\glaub\palpitaco\tmp\look_nacional_historico\importLookNacionalHistory.js:292:17)

[LOOK] 421/1503 ÔÇö importando 2023-08-01
[ERRO] LOOK 2023-08-01
Error: Par├ómetro "lotteryKey" inv├ílida: LOOK
    at runImport (C:\Users\glaub\palpitaco\backend\scripts\importKingApostas.js:1331:11)
    at main (C:\Users\glaub\palpitaco\tmp\look_nacional_historico\importLookNacionalHistory.js:292:17)

[LOOK] 422/1503 ÔÇö importando 2023-08-02
[ERRO] LOOK 2023-08-02
Error: Par├ómetro "lotteryKey" inv├ílida: LOOK
    at runImport (C:\Users\glaub\palpitaco\backend\scripts\importKingApostas.js:1331:11)
    at main (C:\Users\glaub\palpitaco\tmp\look_nacional_historico\importLookNacionalHistory.js:292:17)

[LOOK] 423/1503 ÔÇö importando 2023-08-03
[ERRO] LOOK 2023-08-03
Error: Par├ómetro "lotteryKey" inv├ílida: LOOK
    at runImport (C:\Users\glaub\palpitaco\backend\scripts\importKingApostas.js:1331:11)
    at main (C:\Users\glaub\palpitaco\tmp\look_nacional_historico\importLookNacionalHistory.js:292:17)

[LOOK] 424/1503 ÔÇö importando 2023-08-04
[ERRO] LOOK 2023-08-04
Error: Par├ómetro "lotteryKey" inv├ílida: LOOK
    at runImport (C:\Users\glaub\palpitaco\backend\scripts\importKingApostas.js:1331:11)
    at main (C:\Users\glaub\palpitaco\tmp\look_nacional_historico\importLookNacionalHistory.js:292:17)

[LOOK] 425/1503 ÔÇö importando 2023-08-05
[ERRO] LOOK 2023-08-05
Error: Par├ómetro "lotteryKey" inv├ílida: LOOK
    at runImport (C:\Users\glaub\palpitaco\backend\scripts\importKingApostas.js:1331:11)
    at main (C:\Users\glaub\palpitaco\tmp\look_nacional_historico\importLookNacionalHistory.js:292:17)

[LOOK] 426/1503 ÔÇö importando 2023-08-06
[ERRO] LOOK 2023-08-06
Error: Par├ómetro "lotteryKey" inv├ílida: LOOK
    at runImport (C:\Users\glaub\palpitaco\backend\scripts\importKingApostas.js:1331:11)
    at main (C:\Users\glaub\palpitaco\tmp\look_nacional_historico\importLookNacionalHistory.js:292:17)

[LOOK] 427/1503 ÔÇö importando 2023-08-07
[ERRO] LOOK 2023-08-07
Error: Par├ómetro "lotteryKey" inv├ílida: LOOK
    at runImport (C:\Users\glaub\palpitaco\backend\scripts\importKingApostas.js:1331:11)
    at main (C:\Users\glaub\palpitaco\tmp\look_nacional_historico\importLookNacionalHistory.js:292:17)

[LOOK] 428/1503 ÔÇö importando 2023-08-08
[ERRO] LOOK 2023-08-08
Error: Par├ómetro "lotteryKey" inv├ílida: LOOK
    at runImport (C:\Users\glaub\palpitaco\backend\scripts\importKingApostas.js:1331:11)
    at main (C:\Users\glaub\palpitaco\tmp\look_nacional_historico\importLookNacionalHistory.js:292:17)

[LOOK] 429/1503 ÔÇö importando 2023-08-09
[ERRO] LOOK 2023-08-09
Error: Par├ómetro "lotteryKey" inv├ílida: LOOK
    at runImport (C:\Users\glaub\palpitaco\backend\scripts\importKingApostas.js:1331:11)
    at main (C:\Users\glaub\palpitaco\tmp\look_nacional_historico\importLookNacionalHistory.js:292:17)

[LOOK] 430/1503 ÔÇö importando 2023-08-10
[ERRO] LOOK 2023-08-10
Error: Par├ómetro "lotteryKey" inv├ílida: LOOK
    at runImport (C:\Users\glaub\palpitaco\backend\scripts\importKingApostas.js:1331:11)
    at main (C:\Users\glaub\palpitaco\tmp\look_nacional_historico\importLookNacionalHistory.js:292:17)

[LOOK] 431/1503 ÔÇö importando 2023-08-11
[ERRO] LOOK 2023-08-11
Error: Par├ómetro "lotteryKey" inv├ílida: LOOK
    at runImport (C:\Users\glaub\palpitaco\backend\scripts\importKingApostas.js:1331:11)
    at main (C:\Users\glaub\palpitaco\tmp\look_nacional_historico\importLookNacionalHistory.js:292:17)

[LOOK] 432/1503 ÔÇö importando 2023-08-12
[ERRO] LOOK 2023-08-12
Error: Par├ómetro "lotteryKey" inv├ílida: LOOK
    at runImport (C:\Users\glaub\palpitaco\backend\scripts\importKingApostas.js:1331:11)
    at main (C:\Users\glaub\palpitaco\tmp\look_nacional_historico\importLookNacionalHistory.js:292:17)

[LOOK] 433/1503 ÔÇö importando 2023-08-13
[ERRO] LOOK 2023-08-13
Error: Par├ómetro "lotteryKey" inv├ílida: LOOK
    at runImport (C:\Users\glaub\palpitaco\backend\scripts\importKingApostas.js:1331:11)
    at main (C:\Users\glaub\palpitaco\tmp\look_nacional_historico\importLookNacionalHistory.js:292:17)

[LOOK] 434/1503 ÔÇö importando 2023-08-14
[ERRO] LOOK 2023-08-14
Error: Par├ómetro "lotteryKey" inv├ílida: LOOK
    at runImport (C:\Users\glaub\palpitaco\backend\scripts\importKingApostas.js:1331:11)
    at main (C:\Users\glaub\palpitaco\tmp\look_nacional_historico\importLookNacionalHistory.js:292:17)

[LOOK] 435/1503 ÔÇö importando 2023-08-15
[ERRO] LOOK 2023-08-15
Error: Par├ómetro "lotteryKey" inv├ílida: LOOK
    at runImport (C:\Users\glaub\palpitaco\backend\scripts\importKingApostas.js:1331:11)
    at main (C:\Users\glaub\palpitaco\tmp\look_nacional_historico\importLookNacionalHistory.js:292:17)

[LOOK] 436/1503 ÔÇö importando 2023-08-16
[ERRO] LOOK 2023-08-16
Error: Par├ómetro "lotteryKey" inv├ílida: LOOK
    at runImport (C:\Users\glaub\palpitaco\backend\scripts\importKingApostas.js:1331:11)
    at main (C:\Users\glaub\palpitaco\tmp\look_nacional_historico\importLookNacionalHistory.js:292:17)

[LOOK] 437/1503 ÔÇö importando 2023-08-17
[ERRO] LOOK 2023-08-17
Error: Par├ómetro "lotteryKey" inv├ílida: LOOK
    at runImport (C:\Users\glaub\palpitaco\backend\scripts\importKingApostas.js:1331:11)
    at main (C:\Users\glaub\palpitaco\tmp\look_nacional_historico\importLookNacionalHistory.js:292:17)

[LOOK] 438/1503 ÔÇö importando 2023-08-18
[ERRO] LOOK 2023-08-18
Error: Par├ómetro "lotteryKey" inv├ílida: LOOK
    at runImport (C:\Users\glaub\palpitaco\backend\scripts\importKingApostas.js:1331:11)
    at main (C:\Users\glaub\palpitaco\tmp\look_nacional_historico\importLookNacionalHistory.js:292:17)

[LOOK] 439/1503 ÔÇö importando 2023-08-19
[ERRO] LOOK 2023-08-19
Error: Par├ómetro "lotteryKey" inv├ílida: LOOK
    at runImport (C:\Users\glaub\palpitaco\backend\scripts\importKingApostas.js:1331:11)
    at main (C:\Users\glaub\palpitaco\tmp\look_nacional_historico\importLookNacionalHistory.js:292:17)

[LOOK] 440/1503 ÔÇö importando 2023-08-20
[ERRO] LOOK 2023-08-20
Error: Par├ómetro "lotteryKey" inv├ílida: LOOK
    at runImport (C:\Users\glaub\palpitaco\backend\scripts\importKingApostas.js:1331:11)
    at main (C:\Users\glaub\palpitaco\tmp\look_nacional_historico\importLookNacionalHistory.js:292:17)

[LOOK] 441/1503 ÔÇö importando 2023-08-21
[ERRO] LOOK 2023-08-21
Error: Par├ómetro "lotteryKey" inv├ílida: LOOK
    at runImport (C:\Users\glaub\palpitaco\backend\scripts\importKingApostas.js:1331:11)
    at main (C:\Users\glaub\palpitaco\tmp\look_nacional_historico\importLookNacionalHistory.js:292:17)

[LOOK] 442/1503 ÔÇö importando 2023-08-22
[ERRO] LOOK 2023-08-22
Error: Par├ómetro "lotteryKey" inv├ílida: LOOK
    at runImport (C:\Users\glaub\palpitaco\backend\scripts\importKingApostas.js:1331:11)
    at main (C:\Users\glaub\palpitaco\tmp\look_nacional_historico\importLookNacionalHistory.js:292:17)

[LOOK] 443/1503 ÔÇö importando 2023-08-23
[ERRO] LOOK 2023-08-23
Error: Par├ómetro "lotteryKey" inv├ílida: LOOK
    at runImport (C:\Users\glaub\palpitaco\backend\scripts\importKingApostas.js:1331:11)
    at main (C:\Users\glaub\palpitaco\tmp\look_nacional_historico\importLookNacionalHistory.js:292:17)

[LOOK] 444/1503 ÔÇö importando 2023-08-24
[ERRO] LOOK 2023-08-24
Error: Par├ómetro "lotteryKey" inv├ílida: LOOK
    at runImport (C:\Users\glaub\palpitaco\backend\scripts\importKingApostas.js:1331:11)
    at main (C:\Users\glaub\palpitaco\tmp\look_nacional_historico\importLookNacionalHistory.js:292:17)

[ERRO] LOOK 2023-08-25
[LOOK] 445/1503 ÔÇö importando 2023-08-25
Error: Par├ómetro "lotteryKey" inv├ílida: LOOK
    at runImport (C:\Users\glaub\palpitaco\backend\scripts\importKingApostas.js:1331:11)
    at main (C:\Users\glaub\palpitaco\tmp\look_nacional_historico\importLookNacionalHistory.js:292:17)

[LOOK] 446/1503 ÔÇö importando 2023-08-26
[ERRO] LOOK 2023-08-26
Error: Par├ómetro "lotteryKey" inv├ílida: LOOK
    at runImport (C:\Users\glaub\palpitaco\backend\scripts\importKingApostas.js:1331:11)
    at main (C:\Users\glaub\palpitaco\tmp\look_nacional_historico\importLookNacionalHistory.js:292:17)

[LOOK] 447/1503 ÔÇö importando 2023-08-27
[ERRO] LOOK 2023-08-27
Error: Par├ómetro "lotteryKey" inv├ílida: LOOK
    at runImport (C:\Users\glaub\palpitaco\backend\scripts\importKingApostas.js:1331:11)
    at main (C:\Users\glaub\palpitaco\tmp\look_nacional_historico\importLookNacionalHistory.js:292:17)

[LOOK] 448/1503 ÔÇö importando 2023-08-28
[ERRO] LOOK 2023-08-28
Error: Par├ómetro "lotteryKey" inv├ílida: LOOK
    at runImport (C:\Users\glaub\palpitaco\backend\scripts\importKingApostas.js:1331:11)
    at main (C:\Users\glaub\palpitaco\tmp\look_nacional_historico\importLookNacionalHistory.js:292:17)

[LOOK] 449/1503 ÔÇö importando 2023-08-29
[ERRO] LOOK 2023-08-29
Error: Par├ómetro "lotteryKey" inv├ílida: LOOK
    at runImport (C:\Users\glaub\palpitaco\backend\scripts\importKingApostas.js:1331:11)
    at main (C:\Users\glaub\palpitaco\tmp\look_nacional_historico\importLookNacionalHistory.js:292:17)

[LOOK] 450/1503 ÔÇö importando 2023-08-30
[ERRO] LOOK 2023-08-30
Error: Par├ómetro "lotteryKey" inv├ílida: LOOK
    at runImport (C:\Users\glaub\palpitaco\backend\scripts\importKingApostas.js:1331:11)
    at main (C:\Users\glaub\palpitaco\tmp\look_nacional_historico\importLookNacionalHistory.js:292:17)

[LOOK] 451/1503 ÔÇö importando 2023-08-31
[ERRO] LOOK 2023-08-31
Error: Par├ómetro "lotteryKey" inv├ílida: LOOK
    at runImport (C:\Users\glaub\palpitaco\backend\scripts\importKingApostas.js:1331:11)
    at main (C:\Users\glaub\palpitaco\tmp\look_nacional_historico\importLookNacionalHistory.js:292:17)

[LOOK] 452/1503 ÔÇö importando 2023-09-01
[ERRO] LOOK 2023-09-01
Error: Par├ómetro "lotteryKey" inv├ílida: LOOK
    at runImport (C:\Users\glaub\palpitaco\backend\scripts\importKingApostas.js:1331:11)
    at main (C:\Users\glaub\palpitaco\tmp\look_nacional_historico\importLookNacionalHistory.js:292:17)

[LOOK] 453/1503 ÔÇö importando 2023-09-02
[ERRO] LOOK 2023-09-02
Error: Par├ómetro "lotteryKey" inv├ílida: LOOK
    at runImport (C:\Users\glaub\palpitaco\backend\scripts\importKingApostas.js:1331:11)
    at main (C:\Users\glaub\palpitaco\tmp\look_nacional_historico\importLookNacionalHistory.js:292:17)

[LOOK] 454/1503 ÔÇö importando 2023-09-03
[ERRO] LOOK 2023-09-03
Error: Par├ómetro "lotteryKey" inv├ílida: LOOK
    at runImport (C:\Users\glaub\palpitaco\backend\scripts\importKingApostas.js:1331:11)
    at main (C:\Users\glaub\palpitaco\tmp\look_nacional_historico\importLookNacionalHistory.js:292:17)

[LOOK] 455/1503 ÔÇö importando 2023-09-04
[ERRO] LOOK 2023-09-04
Error: Par├ómetro "lotteryKey" inv├ílida: LOOK
    at runImport (C:\Users\glaub\palpitaco\backend\scripts\importKingApostas.js:1331:11)
    at main (C:\Users\glaub\palpitaco\tmp\look_nacional_historico\importLookNacionalHistory.js:292:17)

[LOOK] 456/1503 ÔÇö importando 2023-09-05
[ERRO] LOOK 2023-09-05
Error: Par├ómetro "lotteryKey" inv├ílida: LOOK
    at runImport (C:\Users\glaub\palpitaco\backend\scripts\importKingApostas.js:1331:11)
    at main (C:\Users\glaub\palpitaco\tmp\look_nacional_historico\importLookNacionalHistory.js:292:17)

[LOOK] 457/1503 ÔÇö importando 2023-09-06
[ERRO] LOOK 2023-09-06
Error: Par├ómetro "lotteryKey" inv├ílida: LOOK
    at runImport (C:\Users\glaub\palpitaco\backend\scripts\importKingApostas.js:1331:11)
    at main (C:\Users\glaub\palpitaco\tmp\look_nacional_historico\importLookNacionalHistory.js:292:17)

[LOOK] 458/1503 ÔÇö importando 2023-09-07
[ERRO] LOOK 2023-09-07
Error: Par├ómetro "lotteryKey" inv├ílida: LOOK
    at runImport (C:\Users\glaub\palpitaco\backend\scripts\importKingApostas.js:1331:11)
    at main (C:\Users\glaub\palpitaco\tmp\look_nacional_historico\importLookNacionalHistory.js:292:17)

[LOOK] 459/1503 ÔÇö importando 2023-09-08
[ERRO] LOOK 2023-09-08
Error: Par├ómetro "lotteryKey" inv├ílida: LOOK
    at runImport (C:\Users\glaub\palpitaco\backend\scripts\importKingApostas.js:1331:11)
    at main (C:\Users\glaub\palpitaco\tmp\look_nacional_historico\importLookNacionalHistory.js:292:17)

[LOOK] 460/1503 ÔÇö importando 2023-09-09
[ERRO] LOOK 2023-09-09
Error: Par├ómetro "lotteryKey" inv├ílida: LOOK
    at runImport (C:\Users\glaub\palpitaco\backend\scripts\importKingApostas.js:1331:11)
    at main (C:\Users\glaub\palpitaco\tmp\look_nacional_historico\importLookNacionalHistory.js:292:17)

[LOOK] 461/1503 ÔÇö importando 2023-09-10
[ERRO] LOOK 2023-09-10
Error: Par├ómetro "lotteryKey" inv├ílida: LOOK
    at runImport (C:\Users\glaub\palpitaco\backend\scripts\importKingApostas.js:1331:11)
    at main (C:\Users\glaub\palpitaco\tmp\look_nacional_historico\importLookNacionalHistory.js:292:17)

[LOOK] 462/1503 ÔÇö importando 2023-09-11
[ERRO] LOOK 2023-09-11
Error: Par├ómetro "lotteryKey" inv├ílida: LOOK
    at runImport (C:\Users\glaub\palpitaco\backend\scripts\importKingApostas.js:1331:11)
    at main (C:\Users\glaub\palpitaco\tmp\look_nacional_historico\importLookNacionalHistory.js:292:17)

[LOOK] 463/1503 ÔÇö importando 2023-09-12
[ERRO] LOOK 2023-09-12
Error: Par├ómetro "lotteryKey" inv├ílida: LOOK
    at runImport (C:\Users\glaub\palpitaco\backend\scripts\importKingApostas.js:1331:11)
    at main (C:\Users\glaub\palpitaco\tmp\look_nacional_historico\importLookNacionalHistory.js:292:17)

[LOOK] 464/1503 ÔÇö importando 2023-09-13
[ERRO] LOOK 2023-09-13
Error: Par├ómetro "lotteryKey" inv├ílida: LOOK
    at runImport (C:\Users\glaub\palpitaco\backend\scripts\importKingApostas.js:1331:11)
    at main (C:\Users\glaub\palpitaco\tmp\look_nacional_historico\importLookNacionalHistory.js:292:17)

[LOOK] 465/1503 ÔÇö importando 2023-09-14
[ERRO] LOOK 2023-09-14
Error: Par├ómetro "lotteryKey" inv├ílida: LOOK
    at runImport (C:\Users\glaub\palpitaco\backend\scripts\importKingApostas.js:1331:11)
    at main (C:\Users\glaub\palpitaco\tmp\look_nacional_historico\importLookNacionalHistory.js:292:17)

[LOOK] 466/1503 ÔÇö importando 2023-09-15
[ERRO] LOOK 2023-09-15
Error: Par├ómetro "lotteryKey" inv├ílida: LOOK
    at runImport (C:\Users\glaub\palpitaco\backend\scripts\importKingApostas.js:1331:11)
    at main (C:\Users\glaub\palpitaco\tmp\look_nacional_historico\importLookNacionalHistory.js:292:17)

[LOOK] 467/1503 ÔÇö importando 2023-09-16
[ERRO] LOOK 2023-09-16
Error: Par├ómetro "lotteryKey" inv├ílida: LOOK
    at runImport (C:\Users\glaub\palpitaco\backend\scripts\importKingApostas.js:1331:11)
    at main (C:\Users\glaub\palpitaco\tmp\look_nacional_historico\importLookNacionalHistory.js:292:17)

[LOOK] 468/1503 ÔÇö importando 2023-09-17
[ERRO] LOOK 2023-09-17
Error: Par├ómetro "lotteryKey" inv├ílida: LOOK
    at runImport (C:\Users\glaub\palpitaco\backend\scripts\importKingApostas.js:1331:11)
    at main (C:\Users\glaub\palpitaco\tmp\look_nacional_historico\importLookNacionalHistory.js:292:17)

[LOOK] 469/1503 ÔÇö importando 2023-09-18
[ERRO] LOOK 2023-09-18
Error: Par├ómetro "lotteryKey" inv├ílida: LOOK
    at runImport (C:\Users\glaub\palpitaco\backend\scripts\importKingApostas.js:1331:11)
    at main (C:\Users\glaub\palpitaco\tmp\look_nacional_historico\importLookNacionalHistory.js:292:17)

[LOOK] 470/1503 ÔÇö importando 2023-09-19
[ERRO] LOOK 2023-09-19
Error: Par├ómetro "lotteryKey" inv├ílida: LOOK
    at runImport (C:\Users\glaub\palpitaco\backend\scripts\importKingApostas.js:1331:11)
    at main (C:\Users\glaub\palpitaco\tmp\look_nacional_historico\importLookNacionalHistory.js:292:17)

[LOOK] 471/1503 ÔÇö importando 2023-09-20
[ERRO] LOOK 2023-09-20
Error: Par├ómetro "lotteryKey" inv├ílida: LOOK
    at runImport (C:\Users\glaub\palpitaco\backend\scripts\importKingApostas.js:1331:11)
    at main (C:\Users\glaub\palpitaco\tmp\look_nacional_historico\importLookNacionalHistory.js:292:17)

[LOOK] 472/1503 ÔÇö importando 2023-09-21
[ERRO] LOOK 2023-09-21
Error: Par├ómetro "lotteryKey" inv├ílida: LOOK
    at runImport (C:\Users\glaub\palpitaco\backend\scripts\importKingApostas.js:1331:11)
    at main (C:\Users\glaub\palpitaco\tmp\look_nacional_historico\importLookNacionalHistory.js:292:17)

[LOOK] 473/1503 ÔÇö importando 2023-09-22
[ERRO] LOOK 2023-09-22
Error: Par├ómetro "lotteryKey" inv├ílida: LOOK
    at runImport (C:\Users\glaub\palpitaco\backend\scripts\importKingApostas.js:1331:11)
    at main (C:\Users\glaub\palpitaco\tmp\look_nacional_historico\importLookNacionalHistory.js:292:17)

[LOOK] 474/1503 ÔÇö importando 2023-09-23
[ERRO] LOOK 2023-09-23
Error: Par├ómetro "lotteryKey" inv├ílida: LOOK
    at runImport (C:\Users\glaub\palpitaco\backend\scripts\importKingApostas.js:1331:11)
    at main (C:\Users\glaub\palpitaco\tmp\look_nacional_historico\importLookNacionalHistory.js:292:17)

[LOOK] 475/1503 ÔÇö importando 2023-09-24
[ERRO] LOOK 2023-09-24
Error: Par├ómetro "lotteryKey" inv├ílida: LOOK
    at runImport (C:\Users\glaub\palpitaco\backend\scripts\importKingApostas.js:1331:11)
    at main (C:\Users\glaub\palpitaco\tmp\look_nacional_historico\importLookNacionalHistory.js:292:17)

[LOOK] 476/1503 ÔÇö importando 2023-09-25
[ERRO] LOOK 2023-09-25
Error: Par├ómetro "lotteryKey" inv├ílida: LOOK
    at runImport (C:\Users\glaub\palpitaco\backend\scripts\importKingApostas.js:1331:11)
    at main (C:\Users\glaub\palpitaco\tmp\look_nacional_historico\importLookNacionalHistory.js:292:17)

[LOOK] 477/1503 ÔÇö importando 2023-09-26
[ERRO] LOOK 2023-09-26
Error: Par├ómetro "lotteryKey" inv├ílida: LOOK
    at runImport (C:\Users\glaub\palpitaco\backend\scripts\importKingApostas.js:1331:11)
    at main (C:\Users\glaub\palpitaco\tmp\look_nacional_historico\importLookNacionalHistory.js:292:17)

[LOOK] 478/1503 ÔÇö importando 2023-09-27
[ERRO] LOOK 2023-09-27
Error: Par├ómetro "lotteryKey" inv├ílida: LOOK
    at runImport (C:\Users\glaub\palpitaco\backend\scripts\importKingApostas.js:1331:11)
    at main (C:\Users\glaub\palpitaco\tmp\look_nacional_historico\importLookNacionalHistory.js:292:17)

[LOOK] 479/1503 ÔÇö importando 2023-09-28
[ERRO] LOOK 2023-09-28
Error: Par├ómetro "lotteryKey" inv├ílida: LOOK
    at runImport (C:\Users\glaub\palpitaco\backend\scripts\importKingApostas.js:1331:11)
    at main (C:\Users\glaub\palpitaco\tmp\look_nacional_historico\importLookNacionalHistory.js:292:17)

[LOOK] 480/1503 ÔÇö importando 2023-09-29
[ERRO] LOOK 2023-09-29
Error: Par├ómetro "lotteryKey" inv├ílida: LOOK
    at runImport (C:\Users\glaub\palpitaco\backend\scripts\importKingApostas.js:1331:11)
    at main (C:\Users\glaub\palpitaco\tmp\look_nacional_historico\importLookNacionalHistory.js:292:17)

[LOOK] 481/1503 ÔÇö importando 2023-09-30
[ERRO] LOOK 2023-09-30
Error: Par├ómetro "lotteryKey" inv├ílida: LOOK
    at runImport (C:\Users\glaub\palpitaco\backend\scripts\importKingApostas.js:1331:11)
    at main (C:\Users\glaub\palpitaco\tmp\look_nacional_historico\importLookNacionalHistory.js:292:17)

[LOOK] 482/1503 ÔÇö importando 2023-10-01
[ERRO] LOOK 2023-10-01
Error: Par├ómetro "lotteryKey" inv├ílida: LOOK
    at runImport (C:\Users\glaub\palpitaco\backend\scripts\importKingApostas.js:1331:11)
    at main (C:\Users\glaub\palpitaco\tmp\look_nacional_historico\importLookNacionalHistory.js:292:17)

[LOOK] 483/1503 ÔÇö importando 2023-10-02
[ERRO] LOOK 2023-10-02
Error: Par├ómetro "lotteryKey" inv├ílida: LOOK
    at runImport (C:\Users\glaub\palpitaco\backend\scripts\importKingApostas.js:1331:11)
    at main (C:\Users\glaub\palpitaco\tmp\look_nacional_historico\importLookNacionalHistory.js:292:17)

[LOOK] 484/1503 ÔÇö importando 2023-10-03
[ERRO] LOOK 2023-10-03
Error: Par├ómetro "lotteryKey" inv├ílida: LOOK
    at runImport (C:\Users\glaub\palpitaco\backend\scripts\importKingApostas.js:1331:11)
    at main (C:\Users\glaub\palpitaco\tmp\look_nacional_historico\importLookNacionalHistory.js:292:17)

[LOOK] 485/1503 ÔÇö importando 2023-10-04
[ERRO] LOOK 2023-10-04
Error: Par├ómetro "lotteryKey" inv├ílida: LOOK
    at runImport (C:\Users\glaub\palpitaco\backend\scripts\importKingApostas.js:1331:11)
    at main (C:\Users\glaub\palpitaco\tmp\look_nacional_historico\importLookNacionalHistory.js:292:17)

[LOOK] 486/1503 ÔÇö importando 2023-10-05
[ERRO] LOOK 2023-10-05
Error: Par├ómetro "lotteryKey" inv├ílida: LOOK
    at runImport (C:\Users\glaub\palpitaco\backend\scripts\importKingApostas.js:1331:11)
    at main (C:\Users\glaub\palpitaco\tmp\look_nacional_historico\importLookNacionalHistory.js:292:17)

[LOOK] 487/1503 ÔÇö importando 2023-10-06
[ERRO] LOOK 2023-10-06
Error: Par├ómetro "lotteryKey" inv├ílida: LOOK
    at runImport (C:\Users\glaub\palpitaco\backend\scripts\importKingApostas.js:1331:11)
    at main (C:\Users\glaub\palpitaco\tmp\look_nacional_historico\importLookNacionalHistory.js:292:17)

[LOOK] 488/1503 ÔÇö importando 2023-10-07
[ERRO] LOOK 2023-10-07
Error: Par├ómetro "lotteryKey" inv├ílida: LOOK
    at runImport (C:\Users\glaub\palpitaco\backend\scripts\importKingApostas.js:1331:11)
    at main (C:\Users\glaub\palpitaco\tmp\look_nacional_historico\importLookNacionalHistory.js:292:17)

[LOOK] 489/1503 ÔÇö importando 2023-10-08
[ERRO] LOOK 2023-10-08
Error: Par├ómetro "lotteryKey" inv├ílida: LOOK
    at runImport (C:\Users\glaub\palpitaco\backend\scripts\importKingApostas.js:1331:11)
    at main (C:\Users\glaub\palpitaco\tmp\look_nacional_historico\importLookNacionalHistory.js:292:17)

[LOOK] 490/1503 ÔÇö importando 2023-10-09
[ERRO] LOOK 2023-10-09
Error: Par├ómetro "lotteryKey" inv├ílida: LOOK
    at runImport (C:\Users\glaub\palpitaco\backend\scripts\importKingApostas.js:1331:11)
    at main (C:\Users\glaub\palpitaco\tmp\look_nacional_historico\importLookNacionalHistory.js:292:17)

[LOOK] 491/1503 ÔÇö importando 2023-10-10
[ERRO] LOOK 2023-10-10
Error: Par├ómetro "lotteryKey" inv├ílida: LOOK
    at runImport (C:\Users\glaub\palpitaco\backend\scripts\importKingApostas.js:1331:11)
    at main (C:\Users\glaub\palpitaco\tmp\look_nacional_historico\importLookNacionalHistory.js:292:17)

[LOOK] 492/1503 ÔÇö importando 2023-10-11
[ERRO] LOOK 2023-10-11
Error: Par├ómetro "lotteryKey" inv├ílida: LOOK
    at runImport (C:\Users\glaub\palpitaco\backend\scripts\importKingApostas.js:1331:11)
    at main (C:\Users\glaub\palpitaco\tmp\look_nacional_historico\importLookNacionalHistory.js:292:17)

[LOOK] 493/1503 ÔÇö importando 2023-10-12
[ERRO] LOOK 2023-10-12
Error: Par├ómetro "lotteryKey" inv├ílida: LOOK
    at runImport (C:\Users\glaub\palpitaco\backend\scripts\importKingApostas.js:1331:11)
    at main (C:\Users\glaub\palpitaco\tmp\look_nacional_historico\importLookNacionalHistory.js:292:17)

[LOOK] 494/1503 ÔÇö importando 2023-10-13
[ERRO] LOOK 2023-10-13
Error: Par├ómetro "lotteryKey" inv├ílida: LOOK
    at runImport (C:\Users\glaub\palpitaco\backend\scripts\importKingApostas.js:1331:11)
    at main (C:\Users\glaub\palpitaco\tmp\look_nacional_historico\importLookNacionalHistory.js:292:17)

[LOOK] 495/1503 ÔÇö importando 2023-10-14
[ERRO] LOOK 2023-10-14
Error: Par├ómetro "lotteryKey" inv├ílida: LOOK
    at runImport (C:\Users\glaub\palpitaco\backend\scripts\importKingApostas.js:1331:11)
    at main (C:\Users\glaub\palpitaco\tmp\look_nacional_historico\importLookNacionalHistory.js:292:17)

[LOOK] 496/1503 ÔÇö importando 2023-10-15
[ERRO] LOOK 2023-10-15
Error: Par├ómetro "lotteryKey" inv├ílida: LOOK
    at runImport (C:\Users\glaub\palpitaco\backend\scripts\importKingApostas.js:1331:11)
    at main (C:\Users\glaub\palpitaco\tmp\look_nacional_historico\importLookNacionalHistory.js:292:17)

[LOOK] 497/1503 ÔÇö importando 2023-10-16
[ERRO] LOOK 2023-10-16
Error: Par├ómetro "lotteryKey" inv├ílida: LOOK
    at runImport (C:\Users\glaub\palpitaco\backend\scripts\importKingApostas.js:1331:11)
    at main (C:\Users\glaub\palpitaco\tmp\look_nacional_historico\importLookNacionalHistory.js:292:17)

[LOOK] 498/1503 ÔÇö importando 2023-10-17
[ERRO] LOOK 2023-10-17
Error: Par├ómetro "lotteryKey" inv├ílida: LOOK
    at runImport (C:\Users\glaub\palpitaco\backend\scripts\importKingApostas.js:1331:11)
    at main (C:\Users\glaub\palpitaco\tmp\look_nacional_historico\importLookNacionalHistory.js:292:17)

[LOOK] 499/1503 ÔÇö importando 2023-10-18
[ERRO] LOOK 2023-10-18
Error: Par├ómetro "lotteryKey" inv├ílida: LOOK
    at runImport (C:\Users\glaub\palpitaco\backend\scripts\importKingApostas.js:1331:11)
    at main (C:\Users\glaub\palpitaco\tmp\look_nacional_historico\importLookNacionalHistory.js:292:17)

[LOOK] 500/1503 ÔÇö importando 2023-10-19
[ERRO] LOOK 2023-10-19
Error: Par├ómetro "lotteryKey" inv├ílida: LOOK
    at runImport (C:\Users\glaub\palpitaco\backend\scripts\importKingApostas.js:1331:11)
    at main (C:\Users\glaub\palpitaco\tmp\look_nacional_historico\importLookNacionalHistory.js:292:17)

[LOOK] 501/1503 ÔÇö importando 2023-10-20
[ERRO] LOOK 2023-10-20
Error: Par├ómetro "lotteryKey" inv├ílida: LOOK
    at runImport (C:\Users\glaub\palpitaco\backend\scripts\importKingApostas.js:1331:11)
    at main (C:\Users\glaub\palpitaco\tmp\look_nacional_historico\importLookNacionalHistory.js:292:17)

[LOOK] 502/1503 ÔÇö importando 2023-10-21
[ERRO] LOOK 2023-10-21
Error: Par├ómetro "lotteryKey" inv├ílida: LOOK
    at runImport (C:\Users\glaub\palpitaco\backend\scripts\importKingApostas.js:1331:11)
    at main (C:\Users\glaub\palpitaco\tmp\look_nacional_historico\importLookNacionalHistory.js:292:17)

[LOOK] 503/1503 ÔÇö importando 2023-10-22
[ERRO] LOOK 2023-10-22
Error: Par├ómetro "lotteryKey" inv├ílida: LOOK
    at runImport (C:\Users\glaub\palpitaco\backend\scripts\importKingApostas.js:1331:11)
    at main (C:\Users\glaub\palpitaco\tmp\look_nacional_historico\importLookNacionalHistory.js:292:17)
